Workbook
Name PRZEL_AKCESORIA: Analiza!$B$4
Name BAZA_SKOK: BAZA!$E$3:$E$202
Name BAZA_PROG: BAZA!$F$3:$F$202
Name LISTA_EX: LISTY!$GV$3:$GV$202
Name BAZA_COEFF: BAZA!$D$3:$D$202
Name BAZA_KAT: BAZA!$B$3:$B$202
Name BAZA_ID: BAZA!$H$3:$H$202
Name LISTA_KLUCZ: LISTY!$GW$3:$GW$202
Name PRZEL_CZESC: Analiza!$B$5
Name BAZA_FILM: BAZA!$G$3:$G$202
Name BAZA_EX: BAZA!$A$3:$A$202
Name BAZA_PART: BAZA!$C$3:$C$202
Name BAZA_UWAGI: BAZA!$I$3:$I$202

Sheet START
A1: PLAN TRENINGOWY — 6 TYGODNI
A2: Start planu treningowego | D2: =IF($C$2="","","→ koniec 6. tygodnia: "&TEXT($C$2+41,"dd.mm.yyyy"))
A3: SERIE MAKSYMALNE — jedna seria do odmowy na każde ćwiczenie
A4: Lp. | B4: ĆWICZENIE | C4: ciężar (kg) | D4: powtórzenia | E4: Twój 1RM
A5: DZIEŃ I
A6: =IF('T1'!$A7="","",'T1'!$A7) -> A1. | B6: =IF('T1'!$C7="","",'T1'!$C7) | E6: {=IF(OR($C6="",$D6=""),"",IFERROR(ROUND($C6/(INDEX(TABELE!$B$4:$J$18,MATCH($D6,TABELE!$A$4:$A$18,0),MATCH(10,TABELE!$B$3:$J$3,0))/100),1),"powt. 1–15"))} | K6: D1-S01 | L6: =IF('T1'!$C7="","",'T1'!$Q7) | M6: =IF(N($E6)=0,0,$E6) -> 0 | N6: =IF($B6="",0,SUMPRODUCT(MAX(($B$6:$B$69=$B6)*$M$6:$M$69))) -> 0
A7: =IF('T1'!$A8="","",'T1'!$A8) -> B1. | B7: =IF('T1'!$C8="","",'T1'!$C8) | C7: 50 | D7: 8 | E7: {=IF(OR($C7="",$D7=""),"",IFERROR(ROUND($C7/(INDEX(TABELE!$B$4:$J$18,MATCH($D7,TABELE!$A$4:$A$18,0),MATCH(10,TABELE!$B$3:$J$3,0))/100),1),"powt. 1–15"))} -> 62.1 | K7: D1-S02 | L7: =IF('T1'!$C8="","",'T1'!$Q8) -> kg | M7: =IF(N($E7)=0,0,$E7) -> 62.1 | N7: =IF($B7="",0,SUMPRODUCT(MAX(($B$6:$B$69=$B7)*$M$6:$M$69))) -> 0
A8: =IF('T1'!$A9="","",'T1'!$A9) -> B2. | B8: =IF('T1'!$C9="","",'T1'!$C9) | E8: {=IF(OR($C8="",$D8=""),"",IFERROR(ROUND($C8/(INDEX(TABELE!$B$4:$J$18,MATCH($D8,TABELE!$A$4:$A$18,0),MATCH(10,TABELE!$B$3:$J$3,0))/100),1),"powt. 1–15"))} | K8: D1-S03 | L8: =IF('T1'!$C9="","",'T1'!$Q9) | M8: =IF(N($E8)=0,0,$E8) -> 0 | N8: =IF($B8="",0,SUMPRODUCT(MAX(($B$6:$B$69=$B8)*$M$6:$M$69))) -> 0
A9: =IF('T1'!$A10="","",'T1'!$A10) -> C1. | B9: =IF('T1'!$C10="","",'T1'!$C10) | E9: {=IF(OR($C9="",$D9=""),"",IFERROR(ROUND($C9/(INDEX(TABELE!$B$4:$J$18,MATCH($D9,TABELE!$A$4:$A$18,0),MATCH(10,TABELE!$B$3:$J$3,0))/100),1),"powt. 1–15"))} | K9: D1-S04 | L9: =IF('T1'!$C10="","",'T1'!$Q10) | M9: =IF(N($E9)=0,0,$E9) -> 0 | N9: =IF($B9="",0,SUMPRODUCT(MAX(($B$6:$B$69=$B9)*$M$6:$M$69))) -> 0
A10: =IF('T1'!$A11="","",'T1'!$A11) -> C2. | B10: =IF('T1'!$C11="","",'T1'!$C11) | E10: {=IF(OR($C10="",$D10=""),"",IFERROR(ROUND($C10/(INDEX(TABELE!$B$4:$J$18,MATCH($D10,TABELE!$A$4:$A$18,0),MATCH(10,TABELE!$B$3:$J$3,0))/100),1),"powt. 1–15"))} | K10: D1-S05 | L10: =IF('T1'!$C11="","",'T1'!$Q11) | M10: =IF(N($E10)=0,0,$E10) -> 0 | N10: =IF($B10="",0,SUMPRODUCT(MAX(($B$6:$B$69=$B10)*$M$6:$M$69))) -> 0
A11: =IF('T1'!$A12="","",'T1'!$A12) -> D1. | B11: =IF('T1'!$C12="","",'T1'!$C12) | E11: {=IF(OR($C11="",$D11=""),"",IFERROR(ROUND($C11/(INDEX(TABELE!$B$4:$J$18,MATCH($D11,TABELE!$A$4:$A$18,0),MATCH(10,TABELE!$B$3:$J$3,0))/100),1),"powt. 1–15"))} | K11: D1-S06 | L11: =IF('T1'!$C12="","",'T1'!$Q12) | M11: =IF(N($E11)=0,0,$E11) -> 0 | N11: =IF($B11="",0,SUMPRODUCT(MAX(($B$6:$B$69=$B11)*$M$6:$M$69))) -> 0
A12: =IF('T1'!$A13="","",'T1'!$A13) -> D2. | B12: =IF('T1'!$C13="","",'T1'!$C13) | E12: {=IF(OR($C12="",$D12=""),"",IFERROR(ROUND($C12/(INDEX(TABELE!$B$4:$J$18,MATCH($D12,TABELE!$A$4:$A$18,0),MATCH(10,TABELE!$B$3:$J$3,0))/100),1),"powt. 1–15"))} | K12: D1-S07 | L12: =IF('T1'!$C13="","",'T1'!$Q13) | M12: =IF(N($E12)=0,0,$E12) -> 0 | N12: =IF($B12="",0,SUMPRODUCT(MAX(($B$6:$B$69=$B12)*$M$6:$M$69))) -> 0
A13: =IF('T1'!$A14="","",'T1'!$A14) -> E1. | B13: =IF('T1'!$C14="","",'T1'!$C14) | E13: {=IF(OR($C13="",$D13=""),"",IFERROR(ROUND($C13/(INDEX(TABELE!$B$4:$J$18,MATCH($D13,TABELE!$A$4:$A$18,0),MATCH(10,TABELE!$B$3:$J$3,0))/100),1),"powt. 1–15"))} | K13: D1-S08 | L13: =IF('T1'!$C14="","",'T1'!$Q14) | M13: =IF(N($E13)=0,0,$E13) -> 0 | N13: =IF($B13="",0,SUMPRODUCT(MAX(($B$6:$B$69=$B13)*$M$6:$M$69))) -> 0
A14: =IF('T1'!$A15="","",'T1'!$A15) -> E2. | B14: =IF('T1'!$C15="","",'T1'!$C15) | E14: {=IF(OR($C14="",$D14=""),"",IFERROR(ROUND($C14/(INDEX(TABELE!$B$4:$J$18,MATCH($D14,TABELE!$A$4:$A$18,0),MATCH(10,TABELE!$B$3:$J$3,0))/100),1),"powt. 1–15"))} | K14: D1-S09 | L14: =IF('T1'!$C15="","",'T1'!$Q15) | M14: =IF(N($E14)=0,0,$E14) -> 0 | N14: =IF($B14="",0,SUMPRODUCT(MAX(($B$6:$B$69=$B14)*$M$6:$M$69))) -> 0
A15: =IF('T1'!$A16="","",'T1'!$A16) | B15: =IF('T1'!$C16="","",'T1'!$C16) | E15: {=IF(OR($C15="",$D15=""),"",IFERROR(ROUND($C15/(INDEX(TABELE!$B$4:$J$18,MATCH($D15,TABELE!$A$4:$A$18,0),MATCH(10,TABELE!$B$3:$J$3,0))/100),1),"powt. 1–15"))} | K15: D1-S10 | L15: =IF('T1'!$C16="","",'T1'!$Q16) | M15: =IF(N($E15)=0,0,$E15) -> 0 | N15: =IF($B15="",0,SUMPRODUCT(MAX(($B$6:$B$69=$B15)*$M$6:$M$69))) -> 0
A16: =IF('T1'!$A17="","",'T1'!$A17) | B16: =IF('T1'!$C17="","",'T1'!$C17) | E16: {=IF(OR($C16="",$D16=""),"",IFERROR(ROUND($C16/(INDEX(TABELE!$B$4:$J$18,MATCH($D16,TABELE!$A$4:$A$18,0),MATCH(10,TABELE!$B$3:$J$3,0))/100),1),"powt. 1–15"))} | K16: D1-S11 | L16: =IF('T1'!$C17="","",'T1'!$Q17) | M16: =IF(N($E16)=0,0,$E16) -> 0 | N16: =IF($B16="",0,SUMPRODUCT(MAX(($B$6:$B$69=$B16)*$M$6:$M$69))) -> 0
A17: =IF('T1'!$A18="","",'T1'!$A18) | B17: =IF('T1'!$C18="","",'T1'!$C18) | E17: {=IF(OR($C17="",$D17=""),"",IFERROR(ROUND($C17/(INDEX(TABELE!$B$4:$J$18,MATCH($D17,TABELE!$A$4:$A$18,0),MATCH(10,TABELE!$B$3:$J$3,0))/100),1),"powt. 1–15"))} | K17: D1-S12 | L17: =IF('T1'!$C18="","",'T1'!$Q18) | M17: =IF(N($E17)=0,0,$E17) -> 0 | N17: =IF($B17="",0,SUMPRODUCT(MAX(($B$6:$B$69=$B17)*$M$6:$M$69))) -> 0
A18: DZIEŃ II | M18: =IF(N($E18)=0,0,$E18) -> 0 | N18: =IF($B18="",0,SUMPRODUCT(MAX(($B$6:$B$69=$B18)*$M$6:$M$69))) -> 0
A19: =IF('T1'!$A23="","",'T1'!$A23) -> A1. | B19: =IF('T1'!$C23="","",'T1'!$C23) | E19: {=IF(OR($C19="",$D19=""),"",IFERROR(ROUND($C19/(INDEX(TABELE!$B$4:$J$18,MATCH($D19,TABELE!$A$4:$A$18,0),MATCH(10,TABELE!$B$3:$J$3,0))/100),1),"powt. 1–15"))} | K19: D2-S01 | L19: =IF('T1'!$C23="","",'T1'!$Q23) | M19: =IF(N($E19)=0,0,$E19) -> 0 | N19: =IF($B19="",0,SUMPRODUCT(MAX(($B$6:$B$69=$B19)*$M$6:$M$69))) -> 0
A20: =IF('T1'!$A24="","",'T1'!$A24) -> B1. | B20: =IF('T1'!$C24="","",'T1'!$C24) | E20: {=IF(OR($C20="",$D20=""),"",IFERROR(ROUND($C20/(INDEX(TABELE!$B$4:$J$18,MATCH($D20,TABELE!$A$4:$A$18,0),MATCH(10,TABELE!$B$3:$J$3,0))/100),1),"powt. 1–15"))} | K20: D2-S02 | L20: =IF('T1'!$C24="","",'T1'!$Q24) | M20: =IF(N($E20)=0,0,$E20) -> 0 | N20: =IF($B20="",0,SUMPRODUCT(MAX(($B$6:$B$69=$B20)*$M$6:$M$69))) -> 0
A21: =IF('T1'!$A25="","",'T1'!$A25) -> B2. | B21: =IF('T1'!$C25="","",'T1'!$C25) | E21: {=IF(OR($C21="",$D21=""),"",IFERROR(ROUND($C21/(INDEX(TABELE!$B$4:$J$18,MATCH($D21,TABELE!$A$4:$A$18,0),MATCH(10,TABELE!$B$3:$J$3,0))/100),1),"powt. 1–15"))} | K21: D2-S03 | L21: =IF('T1'!$C25="","",'T1'!$Q25) | M21: =IF(N($E21)=0,0,$E21) -> 0 | N21: =IF($B21="",0,SUMPRODUCT(MAX(($B$6:$B$69=$B21)*$M$6:$M$69))) -> 0
A22: =IF('T1'!$A26="","",'T1'!$A26) -> C1. | B22: =IF('T1'!$C26="","",'T1'!$C26) | E22: {=IF(OR($C22="",$D22=""),"",IFERROR(ROUND($C22/(INDEX(TABELE!$B$4:$J$18,MATCH($D22,TABELE!$A$4:$A$18,0),MATCH(10,TABELE!$B$3:$J$3,0))/100),1),"powt. 1–15"))} | K22: D2-S04 | L22: =IF('T1'!$C26="","",'T1'!$Q26) | M22: =IF(N($E22)=0,0,$E22) -> 0 | N22: =IF($B22="",0,SUMPRODUCT(MAX(($B$6:$B$69=$B22)*$M$6:$M$69))) -> 0
A23: =IF('T1'!$A27="","",'T1'!$A27) -> C2. | B23: =IF('T1'!$C27="","",'T1'!$C27) | E23: {=IF(OR($C23="",$D23=""),"",IFERROR(ROUND($C23/(INDEX(TABELE!$B$4:$J$18,MATCH($D23,TABELE!$A$4:$A$18,0),MATCH(10,TABELE!$B$3:$J$3,0))/100),1),"powt. 1–15"))} | K23: D2-S05 | L23: =IF('T1'!$C27="","",'T1'!$Q27) | M23: =IF(N($E23)=0,0,$E23) -> 0 | N23: =IF($B23="",0,SUMPRODUCT(MAX(($B$6:$B$69=$B23)*$M$6:$M$69))) -> 0
A24: =IF('T1'!$A28="","",'T1'!$A28) -> D1. | B24: =IF('T1'!$C28="","",'T1'!$C28) | E24: {=IF(OR($C24="",$D24=""),"",IFERROR(ROUND($C24/(INDEX(TABELE!$B$4:$J$18,MATCH($D24,TABELE!$A$4:$A$18,0),MATCH(10,TABELE!$B$3:$J$3,0))/100),1),"powt. 1–15"))} | K24: D2-S06 | L24: =IF('T1'!$C28="","",'T1'!$Q28) | M24: =IF(N($E24)=0,0,$E24) -> 0 | N24: =IF($B24="",0,SUMPRODUCT(MAX(($B$6:$B$69=$B24)*$M$6:$M$69))) -> 0
A25: =IF('T1'!$A29="","",'T1'!$A29) -> D2. | B25: =IF('T1'!$C29="","",'T1'!$C29) | E25: {=IF(OR($C25="",$D25=""),"",IFERROR(ROUND($C25/(INDEX(TABELE!$B$4:$J$18,MATCH($D25,TABELE!$A$4:$A$18,0),MATCH(10,TABELE!$B$3:$J$3,0))/100),1),"powt. 1–15"))} | K25: D2-S07 | L25: =IF('T1'!$C29="","",'T1'!$Q29) | M25: =IF(N($E25)=0,0,$E25) -> 0 | N25: =IF($B25="",0,SUMPRODUCT(MAX(($B$6:$B$69=$B25)*$M$6:$M$69))) -> 0
A26: =IF('T1'!$A30="","",'T1'!$A30) -> E1. | B26: =IF('T1'!$C30="","",'T1'!$C30) | E26: {=IF(OR($C26="",$D26=""),"",IFERROR(ROUND($C26/(INDEX(TABELE!$B$4:$J$18,MATCH($D26,TABELE!$A$4:$A$18,0),MATCH(10,TABELE!$B$3:$J$3,0))/100),1),"powt. 1–15"))} | K26: D2-S08 | L26: =IF('T1'!$C30="","",'T1'!$Q30) | M26: =IF(N($E26)=0,0,$E26) -> 0 | N26: =IF($B26="",0,SUMPRODUCT(MAX(($B$6:$B$69=$B26)*$M$6:$M$69))) -> 0
A27: =IF('T1'!$A31="","",'T1'!$A31) -> E2. | B27: =IF('T1'!$C31="","",'T1'!$C31) | E27: {=IF(OR($C27="",$D27=""),"",IFERROR(ROUND($C27/(INDEX(TABELE!$B$4:$J$18,MATCH($D27,TABELE!$A$4:$A$18,0),MATCH(10,TABELE!$B$3:$J$3,0))/100),1),"powt. 1–15"))} | K27: D2-S09 | L27: =IF('T1'!$C31="","",'T1'!$Q31) | M27: =IF(N($E27)=0,0,$E27) -> 0 | N27: =IF($B27="",0,SUMPRODUCT(MAX(($B$6:$B$69=$B27)*$M$6:$M$69))) -> 0
A28: =IF('T1'!$A32="","",'T1'!$A32) | B28: =IF('T1'!$C32="","",'T1'!$C32) | E28: {=IF(OR($C28="",$D28=""),"",IFERROR(ROUND($C28/(INDEX(TABELE!$B$4:$J$18,MATCH($D28,TABELE!$A$4:$A$18,0),MATCH(10,TABELE!$B$3:$J$3,0))/100),1),"powt. 1–15"))} | K28: D2-S10 | L28: =IF('T1'!$C32="","",'T1'!$Q32) | M28: =IF(N($E28)=0,0,$E28) -> 0 | N28: =IF($B28="",0,SUMPRODUCT(MAX(($B$6:$B$69=$B28)*$M$6:$M$69))) -> 0
A29: =IF('T1'!$A33="","",'T1'!$A33) | B29: =IF('T1'!$C33="","",'T1'!$C33) | E29: {=IF(OR($C29="",$D29=""),"",IFERROR(ROUND($C29/(INDEX(TABELE!$B$4:$J$18,MATCH($D29,TABELE!$A$4:$A$18,0),MATCH(10,TABELE!$B$3:$J$3,0))/100),1),"powt. 1–15"))} | K29: D2-S11 | L29: =IF('T1'!$C33="","",'T1'!$Q33) | M29: =IF(N($E29)=0,0,$E29) -> 0 | N29: =IF($B29="",0,SUMPRODUCT(MAX(($B$6:$B$69=$B29)*$M$6:$M$69))) -> 0
A30: =IF('T1'!$A34="","",'T1'!$A34) | B30: =IF('T1'!$C34="","",'T1'!$C34) | E30: {=IF(OR($C30="",$D30=""),"",IFERROR(ROUND($C30/(INDEX(TABELE!$B$4:$J$18,MATCH($D30,TABELE!$A$4:$A$18,0),MATCH(10,TABELE!$B$3:$J$3,0))/100),1),"powt. 1–15"))} | K30: D2-S12 | L30: =IF('T1'!$C34="","",'T1'!$Q34) | M30: =IF(N($E30)=0,0,$E30) -> 0 | N30: =IF($B30="",0,SUMPRODUCT(MAX(($B$6:$B$69=$B30)*$M$6:$M$69))) -> 0
A31: DZIEŃ III | M31: =IF(N($E31)=0,0,$E31) -> 0 | N31: =IF($B31="",0,SUMPRODUCT(MAX(($B$6:$B$69=$B31)*$M$6:$M$69))) -> 0
A32: =IF('T1'!$A39="","",'T1'!$A39) -> A1. | B32: =IF('T1'!$C39="","",'T1'!$C39) | E32: {=IF(OR($C32="",$D32=""),"",IFERROR(ROUND($C32/(INDEX(TABELE!$B$4:$J$18,MATCH($D32,TABELE!$A$4:$A$18,0),MATCH(10,TABELE!$B$3:$J$3,0))/100),1),"powt. 1–15"))} | K32: D3-S01 | L32: =IF('T1'!$C39="","",'T1'!$Q39) | M32: =IF(N($E32)=0,0,$E32) -> 0 | N32: =IF($B32="",0,SUMPRODUCT(MAX(($B$6:$B$69=$B32)*$M$6:$M$69))) -> 0
A33: =IF('T1'!$A40="","",'T1'!$A40) -> B1. | B33: =IF('T1'!$C40="","",'T1'!$C40) | E33: {=IF(OR($C33="",$D33=""),"",IFERROR(ROUND($C33/(INDEX(TABELE!$B$4:$J$18,MATCH($D33,TABELE!$A$4:$A$18,0),MATCH(10,TABELE!$B$3:$J$3,0))/100),1),"powt. 1–15"))} | K33: D3-S02 | L33: =IF('T1'!$C40="","",'T1'!$Q40) | M33: =IF(N($E33)=0,0,$E33) -> 0 | N33: =IF($B33="",0,SUMPRODUCT(MAX(($B$6:$B$69=$B33)*$M$6:$M$69))) -> 0
A34: =IF('T1'!$A41="","",'T1'!$A41) -> B2. | B34: =IF('T1'!$C41="","",'T1'!$C41) | E34: {=IF(OR($C34="",$D34=""),"",IFERROR(ROUND($C34/(INDEX(TABELE!$B$4:$J$18,MATCH($D34,TABELE!$A$4:$A$18,0),MATCH(10,TABELE!$B$3:$J$3,0))/100),1),"powt. 1–15"))} | K34: D3-S03 | L34: =IF('T1'!$C41="","",'T1'!$Q41) | M34: =IF(N($E34)=0,0,$E34) -> 0 | N34: =IF($B34="",0,SUMPRODUCT(MAX(($B$6:$B$69=$B34)*$M$6:$M$69))) -> 0
A35: =IF('T1'!$A42="","",'T1'!$A42) -> C1. | B35: =IF('T1'!$C42="","",'T1'!$C42) | E35: {=IF(OR($C35="",$D35=""),"",IFERROR(ROUND($C35/(INDEX(TABELE!$B$4:$J$18,MATCH($D35,TABELE!$A$4:$A$18,0),MATCH(10,TABELE!$B$3:$J$3,0))/100),1),"powt. 1–15"))} | K35: D3-S04 | L35: =IF('T1'!$C42="","",'T1'!$Q42) | M35: =IF(N($E35)=0,0,$E35) -> 0 | N35: =IF($B35="",0,SUMPRODUCT(MAX(($B$6:$B$69=$B35)*$M$6:$M$69))) -> 0
A36: =IF('T1'!$A43="","",'T1'!$A43) -> C2. | B36: =IF('T1'!$C43="","",'T1'!$C43) | E36: {=IF(OR($C36="",$D36=""),"",IFERROR(ROUND($C36/(INDEX(TABELE!$B$4:$J$18,MATCH($D36,TABELE!$A$4:$A$18,0),MATCH(10,TABELE!$B$3:$J$3,0))/100),1),"powt. 1–15"))} | K36: D3-S05 | L36: =IF('T1'!$C43="","",'T1'!$Q43) | M36: =IF(N($E36)=0,0,$E36) -> 0 | N36: =IF($B36="",0,SUMPRODUCT(MAX(($B$6:$B$69=$B36)*$M$6:$M$69))) -> 0
A37: =IF('T1'!$A44="","",'T1'!$A44) -> D1. | B37: =IF('T1'!$C44="","",'T1'!$C44) | E37: {=IF(OR($C37="",$D37=""),"",IFERROR(ROUND($C37/(INDEX(TABELE!$B$4:$J$18,MATCH($D37,TABELE!$A$4:$A$18,0),MATCH(10,TABELE!$B$3:$J$3,0))/100),1),"powt. 1–15"))} | K37: D3-S06 | L37: =IF('T1'!$C44="","",'T1'!$Q44) | M37: =IF(N($E37)=0,0,$E37) -> 0 | N37: =IF($B37="",0,SUMPRODUCT(MAX(($B$6:$B$69=$B37)*$M$6:$M$69))) -> 0
A38: =IF('T1'!$A45="","",'T1'!$A45) -> D2. | B38: =IF('T1'!$C45="","",'T1'!$C45) | E38: {=IF(OR($C38="",$D38=""),"",IFERROR(ROUND($C38/(INDEX(TABELE!$B$4:$J$18,MATCH($D38,TABELE!$A$4:$A$18,0),MATCH(10,TABELE!$B$3:$J$3,0))/100),1),"powt. 1–15"))} | K38: D3-S07 | L38: =IF('T1'!$C45="","",'T1'!$Q45) | M38: =IF(N($E38)=0,0,$E38) -> 0 | N38: =IF($B38="",0,SUMPRODUCT(MAX(($B$6:$B$69=$B38)*$M$6:$M$69))) -> 0
A39: =IF('T1'!$A46="","",'T1'!$A46) -> E1. | B39: =IF('T1'!$C46="","",'T1'!$C46) | E39: {=IF(OR($C39="",$D39=""),"",IFERROR(ROUND($C39/(INDEX(TABELE!$B$4:$J$18,MATCH($D39,TABELE!$A$4:$A$18,0),MATCH(10,TABELE!$B$3:$J$3,0))/100),1),"powt. 1–15"))} | K39: D3-S08 | L39: =IF('T1'!$C46="","",'T1'!$Q46) | M39: =IF(N($E39)=0,0,$E39) -> 0 | N39: =IF($B39="",0,SUMPRODUCT(MAX(($B$6:$B$69=$B39)*$M$6:$M$69))) -> 0
A40: =IF('T1'!$A47="","",'T1'!$A47) -> E2. | B40: =IF('T1'!$C47="","",'T1'!$C47) | E40: {=IF(OR($C40="",$D40=""),"",IFERROR(ROUND($C40/(INDEX(TABELE!$B$4:$J$18,MATCH($D40,TABELE!$A$4:$A$18,0),MATCH(10,TABELE!$B$3:$J$3,0))/100),1),"powt. 1–15"))} | K40: D3-S09 | L40: =IF('T1'!$C47="","",'T1'!$Q47) | M40: =IF(N($E40)=0,0,$E40) -> 0 | N40: =IF($B40="",0,SUMPRODUCT(MAX(($B$6:$B$69=$B40)*$M$6:$M$69))) -> 0
A41: =IF('T1'!$A48="","",'T1'!$A48) | B41: =IF('T1'!$C48="","",'T1'!$C48) | E41: {=IF(OR($C41="",$D41=""),"",IFERROR(ROUND($C41/(INDEX(TABELE!$B$4:$J$18,MATCH($D41,TABELE!$A$4:$A$18,0),MATCH(10,TABELE!$B$3:$J$3,0))/100),1),"powt. 1–15"))} | K41: D3-S10 | L41: =IF('T1'!$C48="","",'T1'!$Q48) | M41: =IF(N($E41)=0,0,$E41) -> 0 | N41: =IF($B41="",0,SUMPRODUCT(MAX(($B$6:$B$69=$B41)*$M$6:$M$69))) -> 0
A42: =IF('T1'!$A49="","",'T1'!$A49) | B42: =IF('T1'!$C49="","",'T1'!$C49) | E42: {=IF(OR($C42="",$D42=""),"",IFERROR(ROUND($C42/(INDEX(TABELE!$B$4:$J$18,MATCH($D42,TABELE!$A$4:$A$18,0),MATCH(10,TABELE!$B$3:$J$3,0))/100),1),"powt. 1–15"))} | K42: D3-S11 | L42: =IF('T1'!$C49="","",'T1'!$Q49) | M42: =IF(N($E42)=0,0,$E42) -> 0 | N42: =IF($B42="",0,SUMPRODUCT(MAX(($B$6:$B$69=$B42)*$M$6:$M$69))) -> 0
A43: =IF('T1'!$A50="","",'T1'!$A50) | B43: =IF('T1'!$C50="","",'T1'!$C50) | E43: {=IF(OR($C43="",$D43=""),"",IFERROR(ROUND($C43/(INDEX(TABELE!$B$4:$J$18,MATCH($D43,TABELE!$A$4:$A$18,0),MATCH(10,TABELE!$B$3:$J$3,0))/100),1),"powt. 1–15"))} | K43: D3-S12 | L43: =IF('T1'!$C50="","",'T1'!$Q50) | M43: =IF(N($E43)=0,0,$E43) -> 0 | N43: =IF($B43="",0,SUMPRODUCT(MAX(($B$6:$B$69=$B43)*$M$6:$M$69))) -> 0
A44: DZIEŃ IV | M44: =IF(N($E44)=0,0,$E44) -> 0 | N44: =IF($B44="",0,SUMPRODUCT(MAX(($B$6:$B$69=$B44)*$M$6:$M$69))) -> 0
A45: =IF('T1'!$A55="","",'T1'!$A55) -> A1. | B45: =IF('T1'!$C55="","",'T1'!$C55) | E45: {=IF(OR($C45="",$D45=""),"",IFERROR(ROUND($C45/(INDEX(TABELE!$B$4:$J$18,MATCH($D45,TABELE!$A$4:$A$18,0),MATCH(10,TABELE!$B$3:$J$3,0))/100),1),"powt. 1–15"))} | K45: D4-S01 | L45: =IF('T1'!$C55="","",'T1'!$Q55) | M45: =IF(N($E45)=0,0,$E45) -> 0 | N45: =IF($B45="",0,SUMPRODUCT(MAX(($B$6:$B$69=$B45)*$M$6:$M$69))) -> 0
A46: =IF('T1'!$A56="","",'T1'!$A56) -> B1. | B46: =IF('T1'!$C56="","",'T1'!$C56) | E46: {=IF(OR($C46="",$D46=""),"",IFERROR(ROUND($C46/(INDEX(TABELE!$B$4:$J$18,MATCH($D46,TABELE!$A$4:$A$18,0),MATCH(10,TABELE!$B$3:$J$3,0))/100),1),"powt. 1–15"))} | K46: D4-S02 | L46: =IF('T1'!$C56="","",'T1'!$Q56) | M46: =IF(N($E46)=0,0,$E46) -> 0 | N46: =IF($B46="",0,SUMPRODUCT(MAX(($B$6:$B$69=$B46)*$M$6:$M$69))) -> 0
A47: =IF('T1'!$A57="","",'T1'!$A57) -> B2. | B47: =IF('T1'!$C57="","",'T1'!$C57) | E47: {=IF(OR($C47="",$D47=""),"",IFERROR(ROUND($C47/(INDEX(TABELE!$B$4:$J$18,MATCH($D47,TABELE!$A$4:$A$18,0),MATCH(10,TABELE!$B$3:$J$3,0))/100),1),"powt. 1–15"))} | K47: D4-S03 | L47: =IF('T1'!$C57="","",'T1'!$Q57) | M47: =IF(N($E47)=0,0,$E47) -> 0 | N47: =IF($B47="",0,SUMPRODUCT(MAX(($B$6:$B$69=$B47)*$M$6:$M$69))) -> 0
A48: =IF('T1'!$A58="","",'T1'!$A58) -> C1. | B48: =IF('T1'!$C58="","",'T1'!$C58) | E48: {=IF(OR($C48="",$D48=""),"",IFERROR(ROUND($C48/(INDEX(TABELE!$B$4:$J$18,MATCH($D48,TABELE!$A$4:$A$18,0),MATCH(10,TABELE!$B$3:$J$3,0))/100),1),"powt. 1–15"))} | K48: D4-S04 | L48: =IF('T1'!$C58="","",'T1'!$Q58) | M48: =IF(N($E48)=0,0,$E48) -> 0 | N48: =IF($B48="",0,SUMPRODUCT(MAX(($B$6:$B$69=$B48)*$M$6:$M$69))) -> 0
A49: =IF('T1'!$A59="","",'T1'!$A59) -> C2. | B49: =IF('T1'!$C59="","",'T1'!$C59) | E49: {=IF(OR($C49="",$D49=""),"",IFERROR(ROUND($C49/(INDEX(TABELE!$B$4:$J$18,MATCH($D49,TABELE!$A$4:$A$18,0),MATCH(10,TABELE!$B$3:$J$3,0))/100),1),"powt. 1–15"))} | K49: D4-S05 | L49: =IF('T1'!$C59="","",'T1'!$Q59) | M49: =IF(N($E49)=0,0,$E49) -> 0 | N49: =IF($B49="",0,SUMPRODUCT(MAX(($B$6:$B$69=$B49)*$M$6:$M$69))) -> 0
A50: =IF('T1'!$A60="","",'T1'!$A60) -> D1. | B50: =IF('T1'!$C60="","",'T1'!$C60) | E50: {=IF(OR($C50="",$D50=""),"",IFERROR(ROUND($C50/(INDEX(TABELE!$B$4:$J$18,MATCH($D50,TABELE!$A$4:$A$18,0),MATCH(10,TABELE!$B$3:$J$3,0))/100),1),"powt. 1–15"))} | K50: D4-S06 | L50: =IF('T1'!$C60="","",'T1'!$Q60) | M50: =IF(N($E50)=0,0,$E50) -> 0 | N50: =IF($B50="",0,SUMPRODUCT(MAX(($B$6:$B$69=$B50)*$M$6:$M$69))) -> 0
A51: =IF('T1'!$A61="","",'T1'!$A61) -> D2. | B51: =IF('T1'!$C61="","",'T1'!$C61) | E51: {=IF(OR($C51="",$D51=""),"",IFERROR(ROUND($C51/(INDEX(TABELE!$B$4:$J$18,MATCH($D51,TABELE!$A$4:$A$18,0),MATCH(10,TABELE!$B$3:$J$3,0))/100),1),"powt. 1–15"))} | K51: D4-S07 | L51: =IF('T1'!$C61="","",'T1'!$Q61) | M51: =IF(N($E51)=0,0,$E51) -> 0 | N51: =IF($B51="",0,SUMPRODUCT(MAX(($B$6:$B$69=$B51)*$M$6:$M$69))) -> 0
A52: =IF('T1'!$A62="","",'T1'!$A62) -> E1. | B52: =IF('T1'!$C62="","",'T1'!$C62) | E52: {=IF(OR($C52="",$D52=""),"",IFERROR(ROUND($C52/(INDEX(TABELE!$B$4:$J$18,MATCH($D52,TABELE!$A$4:$A$18,0),MATCH(10,TABELE!$B$3:$J$3,0))/100),1),"powt. 1–15"))} | K52: D4-S08 | L52: =IF('T1'!$C62="","",'T1'!$Q62) | M52: =IF(N($E52)=0,0,$E52) -> 0 | N52: =IF($B52="",0,SUMPRODUCT(MAX(($B$6:$B$69=$B52)*$M$6:$M$69))) -> 0
A53: =IF('T1'!$A63="","",'T1'!$A63) -> E2. | B53: =IF('T1'!$C63="","",'T1'!$C63) | E53: {=IF(OR($C53="",$D53=""),"",IFERROR(ROUND($C53/(INDEX(TABELE!$B$4:$J$18,MATCH($D53,TABELE!$A$4:$A$18,0),MATCH(10,TABELE!$B$3:$J$3,0))/100),1),"powt. 1–15"))} | K53: D4-S09 | L53: =IF('T1'!$C63="","",'T1'!$Q63) | M53: =IF(N($E53)=0,0,$E53) -> 0 | N53: =IF($B53="",0,SUMPRODUCT(MAX(($B$6:$B$69=$B53)*$M$6:$M$69))) -> 0
A54: =IF('T1'!$A64="","",'T1'!$A64) | B54: =IF('T1'!$C64="","",'T1'!$C64) | E54: {=IF(OR($C54="",$D54=""),"",IFERROR(ROUND($C54/(INDEX(TABELE!$B$4:$J$18,MATCH($D54,TABELE!$A$4:$A$18,0),MATCH(10,TABELE!$B$3:$J$3,0))/100),1),"powt. 1–15"))} | K54: D4-S10 | L54: =IF('T1'!$C64="","",'T1'!$Q64) | M54: =IF(N($E54)=0,0,$E54) -> 0 | N54: =IF($B54="",0,SUMPRODUCT(MAX(($B$6:$B$69=$B54)*$M$6:$M$69))) -> 0
A55: =IF('T1'!$A65="","",'T1'!$A65) | B55: =IF('T1'!$C65="","",'T1'!$C65) | E55: {=IF(OR($C55="",$D55=""),"",IFERROR(ROUND($C55/(INDEX(TABELE!$B$4:$J$18,MATCH($D55,TABELE!$A$4:$A$18,0),MATCH(10,TABELE!$B$3:$J$3,0))/100),1),"powt. 1–15"))} | K55: D4-S11 | L55: =IF('T1'!$C65="","",'T1'!$Q65) | M55: =IF(N($E55)=0,0,$E55) -> 0 | N55: =IF($B55="",0,SUMPRODUCT(MAX(($B$6:$B$69=$B55)*$M$6:$M$69))) -> 0
A56: =IF('T1'!$A66="","",'T1'!$A66) | B56: =IF('T1'!$C66="","",'T1'!$C66) | E56: {=IF(OR($C56="",$D56=""),"",IFERROR(ROUND($C56/(INDEX(TABELE!$B$4:$J$18,MATCH($D56,TABELE!$A$4:$A$18,0),MATCH(10,TABELE!$B$3:$J$3,0))/100),1),"powt. 1–15"))} | K56: D4-S12 | L56: =IF('T1'!$C66="","",'T1'!$Q66) | M56: =IF(N($E56)=0,0,$E56) -> 0 | N56: =IF($B56="",0,SUMPRODUCT(MAX(($B$6:$B$69=$B56)*$M$6:$M$69))) -> 0
A57: DZIEŃ V | M57: =IF(N($E57)=0,0,$E57) -> 0 | N57: =IF($B57="",0,SUMPRODUCT(MAX(($B$6:$B$69=$B57)*$M$6:$M$69))) -> 0
A58: =IF('T1'!$A71="","",'T1'!$A71) -> A1. | B58: =IF('T1'!$C71="","",'T1'!$C71) | E58: {=IF(OR($C58="",$D58=""),"",IFERROR(ROUND($C58/(INDEX(TABELE!$B$4:$J$18,MATCH($D58,TABELE!$A$4:$A$18,0),MATCH(10,TABELE!$B$3:$J$3,0))/100),1),"powt. 1–15"))} | K58: D5-S01 | L58: =IF('T1'!$C71="","",'T1'!$Q71) | M58: =IF(N($E58)=0,0,$E58) -> 0 | N58: =IF($B58="",0,SUMPRODUCT(MAX(($B$6:$B$69=$B58)*$M$6:$M$69))) -> 0
A59: =IF('T1'!$A72="","",'T1'!$A72) -> B1. | B59: =IF('T1'!$C72="","",'T1'!$C72) | E59: {=IF(OR($C59="",$D59=""),"",IFERROR(ROUND($C59/(INDEX(TABELE!$B$4:$J$18,MATCH($D59,TABELE!$A$4:$A$18,0),MATCH(10,TABELE!$B$3:$J$3,0))/100),1),"powt. 1–15"))} | K59: D5-S02 | L59: =IF('T1'!$C72="","",'T1'!$Q72) | M59: =IF(N($E59)=0,0,$E59) -> 0 | N59: =IF($B59="",0,SUMPRODUCT(MAX(($B$6:$B$69=$B59)*$M$6:$M$69))) -> 0
A60: =IF('T1'!$A73="","",'T1'!$A73) -> B2. | B60: =IF('T1'!$C73="","",'T1'!$C73) | E60: {=IF(OR($C60="",$D60=""),"",IFERROR(ROUND($C60/(INDEX(TABELE!$B$4:$J$18,MATCH($D60,TABELE!$A$4:$A$18,0),MATCH(10,TABELE!$B$3:$J$3,0))/100),1),"powt. 1–15"))} | K60: D5-S03 | L60: =IF('T1'!$C73="","",'T1'!$Q73) | M60: =IF(N($E60)=0,0,$E60) -> 0 | N60: =IF($B60="",0,SUMPRODUCT(MAX(($B$6:$B$69=$B60)*$M$6:$M$69))) -> 0
A61: =IF('T1'!$A74="","",'T1'!$A74) -> C1. | B61: =IF('T1'!$C74="","",'T1'!$C74) | E61: {=IF(OR($C61="",$D61=""),"",IFERROR(ROUND($C61/(INDEX(TABELE!$B$4:$J$18,MATCH($D61,TABELE!$A$4:$A$18,0),MATCH(10,TABELE!$B$3:$J$3,0))/100),1),"powt. 1–15"))} | K61: D5-S04 | L61: =IF('T1'!$C74="","",'T1'!$Q74) | M61: =IF(N($E61)=0,0,$E61) -> 0 | N61: =IF($B61="",0,SUMPRODUCT(MAX(($B$6:$B$69=$B61)*$M$6:$M$69))) -> 0
A62: =IF('T1'!$A75="","",'T1'!$A75) -> C2. | B62: =IF('T1'!$C75="","",'T1'!$C75) | E62: {=IF(OR($C62="",$D62=""),"",IFERROR(ROUND($C62/(INDEX(TABELE!$B$4:$J$18,MATCH($D62,TABELE!$A$4:$A$18,0),MATCH(10,TABELE!$B$3:$J$3,0))/100),1),"powt. 1–15"))} | K62: D5-S05 | L62: =IF('T1'!$C75="","",'T1'!$Q75) | M62: =IF(N($E62)=0,0,$E62) -> 0 | N62: =IF($B62="",0,SUMPRODUCT(MAX(($B$6:$B$69=$B62)*$M$6:$M$69))) -> 0
A63: =IF('T1'!$A76="","",'T1'!$A76) -> D1. | B63: =IF('T1'!$C76="","",'T1'!$C76) | E63: {=IF(OR($C63="",$D63=""),"",IFERROR(ROUND($C63/(INDEX(TABELE!$B$4:$J$18,MATCH($D63,TABELE!$A$4:$A$18,0),MATCH(10,TABELE!$B$3:$J$3,0))/100),1),"powt. 1–15"))} | K63: D5-S06 | L63: =IF('T1'!$C76="","",'T1'!$Q76) | M63: =IF(N($E63)=0,0,$E63) -> 0 | N63: =IF($B63="",0,SUMPRODUCT(MAX(($B$6:$B$69=$B63)*$M$6:$M$69))) -> 0
A64: =IF('T1'!$A77="","",'T1'!$A77) -> D2. | B64: =IF('T1'!$C77="","",'T1'!$C77) | E64: {=IF(OR($C64="",$D64=""),"",IFERROR(ROUND($C64/(INDEX(TABELE!$B$4:$J$18,MATCH($D64,TABELE!$A$4:$A$18,0),MATCH(10,TABELE!$B$3:$J$3,0))/100),1),"powt. 1–15"))} | K64: D5-S07 | L64: =IF('T1'!$C77="","",'T1'!$Q77) | M64: =IF(N($E64)=0,0,$E64) -> 0 | N64: =IF($B64="",0,SUMPRODUCT(MAX(($B$6:$B$69=$B64)*$M$6:$M$69))) -> 0
A65: =IF('T1'!$A78="","",'T1'!$A78) -> E1. | B65: =IF('T1'!$C78="","",'T1'!$C78) | E65: {=IF(OR($C65="",$D65=""),"",IFERROR(ROUND($C65/(INDEX(TABELE!$B$4:$J$18,MATCH($D65,TABELE!$A$4:$A$18,0),MATCH(10,TABELE!$B$3:$J$3,0))/100),1),"powt. 1–15"))} | K65: D5-S08 | L65: =IF('T1'!$C78="","",'T1'!$Q78) | M65: =IF(N($E65)=0,0,$E65) -> 0 | N65: =IF($B65="",0,SUMPRODUCT(MAX(($B$6:$B$69=$B65)*$M$6:$M$69))) -> 0
A66: =IF('T1'!$A79="","",'T1'!$A79) -> E2. | B66: =IF('T1'!$C79="","",'T1'!$C79) | E66: {=IF(OR($C66="",$D66=""),"",IFERROR(ROUND($C66/(INDEX(TABELE!$B$4:$J$18,MATCH($D66,TABELE!$A$4:$A$18,0),MATCH(10,TABELE!$B$3:$J$3,0))/100),1),"powt. 1–15"))} | K66: D5-S09 | L66: =IF('T1'!$C79="","",'T1'!$Q79) | M66: =IF(N($E66)=0,0,$E66) -> 0 | N66: =IF($B66="",0,SUMPRODUCT(MAX(($B$6:$B$69=$B66)*$M$6:$M$69))) -> 0
A67: =IF('T1'!$A80="","",'T1'!$A80) | B67: =IF('T1'!$C80="","",'T1'!$C80) | E67: {=IF(OR($C67="",$D67=""),"",IFERROR(ROUND($C67/(INDEX(TABELE!$B$4:$J$18,MATCH($D67,TABELE!$A$4:$A$18,0),MATCH(10,TABELE!$B$3:$J$3,0))/100),1),"powt. 1–15"))} | K67: D5-S10 | L67: =IF('T1'!$C80="","",'T1'!$Q80) | M67: =IF(N($E67)=0,0,$E67) -> 0 | N67: =IF($B67="",0,SUMPRODUCT(MAX(($B$6:$B$69=$B67)*$M$6:$M$69))) -> 0
A68: =IF('T1'!$A81="","",'T1'!$A81) | B68: =IF('T1'!$C81="","",'T1'!$C81) | E68: {=IF(OR($C68="",$D68=""),"",IFERROR(ROUND($C68/(INDEX(TABELE!$B$4:$J$18,MATCH($D68,TABELE!$A$4:$A$18,0),MATCH(10,TABELE!$B$3:$J$3,0))/100),1),"powt. 1–15"))} | K68: D5-S11 | L68: =IF('T1'!$C81="","",'T1'!$Q81) | M68: =IF(N($E68)=0,0,$E68) -> 0 | N68: =IF($B68="",0,SUMPRODUCT(MAX(($B$6:$B$69=$B68)*$M$6:$M$69))) -> 0
A69: =IF('T1'!$A82="","",'T1'!$A82) | B69: =IF('T1'!$C82="","",'T1'!$C82) | E69: {=IF(OR($C69="",$D69=""),"",IFERROR(ROUND($C69/(INDEX(TABELE!$B$4:$J$18,MATCH($D69,TABELE!$A$4:$A$18,0),MATCH(10,TABELE!$B$3:$J$3,0))/100),1),"powt. 1–15"))} | K69: D5-S12 | L69: =IF('T1'!$C82="","",'T1'!$Q82) | M69: =IF(N($E69)=0,0,$E69) -> 0 | N69: =IF($B69="",0,SUMPRODUCT(MAX(($B$6:$B$69=$B69)*$M$6:$M$69))) -> 0
A71: Przykład: Barbell back squat, 100 kg × 5 powtórzeń do odmowy → 1RM 113,0 kg
A73: Trening oddechowy prowadzisz z zakładki ODDECH, biegowy z zakładki BIEG.

Sheet INSTRUKCJA
A1: JAK KORZYSTAĆ Z PLANU
A3: OD CZEGO ZACZĄĆ
A4: • | B4: Otwórz zakładkę START. Jest tam lista wszystkich ćwiczeń z planu.
A5: • | B5: Do każdego ćwiczenia z żółtymi polami zrób jedną serię do odmowy — z ciężarem, przy którym nie zrobisz już ani jednego powtórzenia więcej. Powinno to wypaść między 1 a 15 powtórzeniem.
A6: • | B6: Wpisz użyty ciężar i liczbę wykonanych powtórzeń. Kolumna „Twój 1RM” wyliczy się sama.
A7: • | B7: Ćwiczenia wypisane szarą kursywą pomijasz — wykonuje się je na masie ciała, na czas albo na dystans, więc nie potrzebują pomiaru.
A8: • | B8: To robisz raz, na początku. Potem już nic nie liczysz.
A10: JAK CZYTAĆ PLAN
A11: • | B11: Zakładki T1–T6 to kolejne tygodnie. Zaczynasz od T1 i idziesz po kolei.
A12: • | B12: Dni treningowe w tygodniu są opisane jako DZIEŃ I, DZIEŃ II i tak dalej. Wykonuj je w tej kolejności, w której są wypisane.
A13: • | B13: Kolumna SERIE mówi, ile serii masz wykonać. Kolumna POWTÓRZENIA — ile powtórzeń w każdej z nich. Zapis 3 i 10 znaczy trzy serie po dziesięć powtórzeń.
A14: • | B14: Kolumna CIĘŻAR to jedyna liczba, którą ustawiasz na sztandze lub maszynie. Jest już policzona z Twojego wyniku.
A15: • | B15: Jeśli w kolumnie CIĘŻAR widzisz „brak 1RM”, to znaczy, że nie uzupełniłeś serii maksymalnej dla tego ćwiczenia na zakładce START.
A16: • | B16: Kolumna FILM prowadzi do nagrania z techniką. Obejrzyj przed pierwszym powtórzeniem nowego ćwiczenia.
A17: • | B17: Odhacz ✓, kiedy skończysz ćwiczenie.
A19: TOP SET
A20: • | B20: Jeśli w Twoim planie występuje ciemny pasek z trójkątem ▲ na początku dnia — to jedna ciężka próba na jedno powtórzenie. Nie każdy plan i nie każdy dzień go ma.
A21: • | B21: Wykonujesz ją PRZED seriami roboczymi tego samego ćwiczenia, po rozgrzewce.
A22: • | B22: Nie pomijaj jej i nie przenoś na koniec — reszta dnia jest do niej dopasowana.
A23: • | B23: Jedno powtórzenie, jedna próba. Nie powtarzaj jej kilka razy.
A25: SERIE ŁĄCZONE
A26: • | B26: Ćwiczenia oznaczone tą samą literą tworzą parę lub trójkę i mają wspólne tło.
A27: • | B27: Wykonujesz je naprzemiennie: jedna seria pierwszego, od razu jedna seria drugiego, dopiero potem przerwa. I tak do wyczerpania serii.
A28: • | B28: Ćwiczenie z inną literą to nowa grupa — kończysz poprzednią w całości, zanim ją zaczniesz.
A29: • | B29: Ćwiczenie stojące samotnie pod swoją literą robisz normalnie, seria po serii.
A31: PRZERWY I TEMPO
A32: • | B32: Po serii ciężkiej z początku dnia odpoczywaj tyle, ile potrzebujesz, żeby kolejna wyszła technicznie — zwykle 3–5 minut.
A33: • | B33: Między grupami ćwiczeń dodatkowych zwykle wystarcza 1,5–2 minuty.
A34: • | B34: Ruch prowadź kontrolnie w fazie opuszczania. Nie zrzucaj ciężaru.
A36: CZEGO NIE ZMIENIAĆ
A37: • | B37: Nie zwiększaj ciężaru na własną rękę, nawet jeśli seria wyszła lekko. Plan zakłada, że tygodnie 1 i 2 mają być łatwiejsze.
A38: • | B38: Nie dokładaj serii ani ćwiczeń.
A39: • | B39: Kolumna RPE służy do obliczeń i nie musisz się nią kierować podczas treningu.
A40: • | B40: Jeśli ćwiczenie boli — nie „rozćwiczaj” bólu. Przerwij je i zgłoś to, zanim wrócisz do tego ruchu.
A41: • | B41: Jeżeli opuścisz trening, wykonaj go w innym dniu zamiast łączyć dwa dni w jeden.
A42: • | B42: Plan zawiera też liczby techniczne — RPE, wskaźniki obciążenia, podsumowania serii i powtórzeń. Służą mnie do układania i kontroli planu. Ty patrzysz na ćwiczenie, serie, powtórzenia i ciężar.

Sheet T1
A1: TYDZIEŃ 1 z 6
A4: Lp. | C4: ĆWICZENIE | D4: SERIE | E4: POWTÓRZENIA | F4: RPE | G4: CIĘŻAR | H4: ✓ | I4: FILM | J4: KATEGORIE – SZKIELET
A5: DZIEŃ I
A6: =IF($B6="TOP SET","▲","") -> ▲ | B6: TOP SET | C6: =IF(OR($B6<>"TOP SET",$F6=""),"",IF(N($K6)=0,"",IF(INDEX($C$7:$C$18,$K6)="","",INDEX($C$7:$C$18,$K6)))) | D6: =IF(AND($B6="TOP SET",$F6<>""),1,"") | E6: =IF(AND($B6="TOP SET",$F6<>""),"1 powtórzenie","") | F6: 7 | G6: {=IF($B6<>"TOP SET","",IF($C6="","",IF(OR($Q6="masa ciała",$Q6="czas",$Q6="dystans",$Q6="ręczne ustawienie"),"—",IF(OR($R6="",$R6=0),"— brak 1RM",MROUND($R6*IFERROR(INDEX(TABELE!$B$4:$J$18,MATCH(1,TABELE!$A$4:$A$18,0),MATCH($F6,TABELE!$B$3:$J$3,0)),0)/100,MAX($P6,0.5))))))} | K6: =IFERROR(MATCH("A*",$A$7:$A$18,0),0) | P6: =IF(N($K6)=0,"",INDEX($P$7:$P$18,$K6)) | Q6: =IF(N($K6)=0,"",INDEX($Q$7:$Q$18,$K6)) | R6: =IF(N($K6)=0,"",INDEX($R$7:$R$18,$K6))
A7: A1. | D7: 6 | E7: 6 | F7: 6.5 | G7: =IF($C7="","",IF(OR($Q7="masa ciała",$Q7="czas",$Q7="dystans",$Q7="ręczne ustawienie"),$Q7,IF(OR($R7="",$R7=0),"— brak 1RM",MROUND($R7*$S7/100,MAX($P7,0.5))))) | I7: {=IFERROR(IF(IFERROR(INDEX(BAZA_FILM,MATCH($C7,BAZA_EX,0)),"")="","",HYPERLINK(IFERROR(INDEX(BAZA_FILM,MATCH($C7,BAZA_EX,0)),""),"film")),"")} | K7: D1-S01 | L7: {=IFERROR(INDEX(BAZA_ID,MATCH($C7,BAZA_EX,0)),"")} | M7: {=IFERROR(INDEX(BAZA_PART,MATCH($C7,BAZA_EX,0)),"")} | N7: {=IFERROR(INDEX(BAZA_KAT,MATCH($C7,BAZA_EX,0)),"")} | O7: {=IFERROR(INDEX(BAZA_COEFF,MATCH($C7,BAZA_EX,0)),"")} | P7: {=IFERROR(INDEX(BAZA_SKOK,MATCH($C7,BAZA_EX,0)),"")} | Q7: {=IFERROR(INDEX(BAZA_PROG,MATCH($C7,BAZA_EX,0)),"")} | R7: =IF($C7="","",IF(SUMPRODUCT((START!$B$6:$B$69=$C7)*(START!$M$6:$M$69>0))=0,"",SUMPRODUCT(MAX((START!$B$6:$B$69=$C7)*START!$M$6:$M$69)))) | S7: {=IFERROR(INDEX(TABELE!$B$4:$J$18,MATCH($E7,TABELE!$A$4:$A$18,0),MATCH($F7,TABELE!$B$3:$J$3,0)),"")} -> 69.5 | T7: {=IFERROR(IF($C7="",0,$O7*$D7*INDEX(TABELE!$B$23:$P$33,MATCH($F7,TABELE!$A$23:$A$33,0),MATCH($E7,TABELE!$B$22:$P$22,0))),0)} -> 0 | U7: {=IFERROR(IF($C7="",0,$O7*$D7*INDEX(TABELE!$B$37:$P$47,MATCH($F7,TABELE!$A$37:$A$47,0),MATCH($E7,TABELE!$B$36:$P$36,0))),0)} -> 0 | V7: {=IFERROR(IF($C7="",0,$O7*$D7*INDEX(TABELE!$B$51:$P$61,MATCH($F7,TABELE!$A$51:$A$61,0),MATCH($E7,TABELE!$B$50:$P$50,0))),0)} -> 0 | W7: {=IFERROR(INDEX(BAZA_UWAGI,MATCH($C7,BAZA_EX,0)),"")} | X7: =IF($A7="","",$Z7) -> 1 | Y7: =IF($A7="","",LEFT($A7,1)) -> A | Z7: =IF($A7="",0,1) -> 1 | AB7: =IF($C7="","",IF($H7<>"",$H7,IF($H$19="✓ ukończony","OK",""))) | AC7: 1 | AD7: =IF(OR($Q7="masa ciała",$Q7="czas",$Q7="dystans",$Q7="ręczne ustawienie"),MAX(-3,MIN(3,ROUND(($AC7-1)/0.05,0))),0) -> 0
A8: B1. | C8: Allah | D8: 3 | E8: =IF($C8="",0,MIN(15,MAX(1,IF(N($O8)>=1,6,IF(N($O8)>=0.75,IF(PRZEL_CZESC="część 1 (objętość)",8,6),IF(PRZEL_CZESC="część 1 (objętość)",10,8)))+0+$AD8))) -> 10 | F8: 8 | G8: =IF($C8="","",IF(OR($Q8="masa ciała",$Q8="czas",$Q8="dystans",$Q8="ręczne ustawienie"),$Q8,IF(OR($R8="",$R8=0),"— brak 1RM",MROUND($R8*$S8/100,MAX($P8,0.5))))) | I8: {=IFERROR(IF(IFERROR(INDEX(BAZA_FILM,MATCH($C8,BAZA_EX,0)),"")="","",HYPERLINK(IFERROR(INDEX(BAZA_FILM,MATCH($C8,BAZA_EX,0)),""),"film")),"")} -> film | K8: D1-S02 | L8: {=IFERROR(INDEX(BAZA_ID,MATCH($C8,BAZA_EX,0)),"")} -> EX-0003 | M8: {=IFERROR(INDEX(BAZA_PART,MATCH($C8,BAZA_EX,0)),"")} -> c | N8: {=IFERROR(INDEX(BAZA_KAT,MATCH($C8,BAZA_EX,0)),"")} -> Core | O8: {=IFERROR(INDEX(BAZA_COEFF,MATCH($C8,BAZA_EX,0)),"")} -> 0.5 | P8: {=IFERROR(INDEX(BAZA_SKOK,MATCH($C8,BAZA_EX,0)),"")} -> 2.5 | Q8: {=IFERROR(INDEX(BAZA_PROG,MATCH($C8,BAZA_EX,0)),"")} -> kg | R8: =IF($C8="","",IF(SUMPRODUCT((START!$B$6:$B$69=$C8)*(START!$M$6:$M$69>0))=0,"",SUMPRODUCT(MAX((START!$B$6:$B$69=$C8)*START!$M$6:$M$69)))) | S8: {=IFERROR(INDEX(TABELE!$B$4:$J$18,MATCH($E8,TABELE!$A$4:$A$18,0),MATCH($F8,TABELE!$B$3:$J$3,0)),"")} -> 67.5 | T8: {=IFERROR(IF($C8="",0,$O8*$D8*INDEX(TABELE!$B$23:$P$33,MATCH($F8,TABELE!$A$23:$A$33,0),MATCH($E8,TABELE!$B$22:$P$22,0))),0)} -> 1.05 | U8: {=IFERROR(IF($C8="",0,$O8*$D8*INDEX(TABELE!$B$37:$P$47,MATCH($F8,TABELE!$A$37:$A$47,0),MATCH($E8,TABELE!$B$36:$P$36,0))),0)} -> 0.6 | V8: {=IFERROR(IF($C8="",0,$O8*$D8*INDEX(TABELE!$B$51:$P$61,MATCH($F8,TABELE!$A$51:$A$61,0),MATCH($E8,TABELE!$B$50:$P$50,0))),0)} -> 1.65 | W8: {=IFERROR(INDEX(BAZA_UWAGI,MATCH($C8,BAZA_EX,0)),"")} | X8: =IF($A8="","",$Z8) -> 2 | Y8: =IF($A8="",$Y7,LEFT($A8,1)) -> B | Z8: =IF($A8="",$Z7,IF(LEFT($A8,1)=$Y7,$Z7,$Z7+1)) -> 2 | AB8: =IF($C8="","",IF($H8<>"",$H8,IF($H$19="✓ ukończony","OK",""))) | AC8: 1 | AD8: =IF(OR($Q8="masa ciała",$Q8="czas",$Q8="dystans",$Q8="ręczne ustawienie"),MAX(-3,MIN(3,ROUND(($AC8-1)/0.05,0))),0) -> 0
A9: B2. | D9: 3 | E9: =IF($C9="",0,MIN(15,MAX(1,IF(N($O9)>=1,6,IF(N($O9)>=0.75,IF(PRZEL_CZESC="część 1 (objętość)",8,6),IF(PRZEL_CZESC="część 1 (objętość)",10,8)))+0+$AD9))) -> 0 | F9: 8 | G9: =IF($C9="","",IF(OR($Q9="masa ciała",$Q9="czas",$Q9="dystans",$Q9="ręczne ustawienie"),$Q9,IF(OR($R9="",$R9=0),"— brak 1RM",MROUND($R9*$S9/100,MAX($P9,0.5))))) | I9: {=IFERROR(IF(IFERROR(INDEX(BAZA_FILM,MATCH($C9,BAZA_EX,0)),"")="","",HYPERLINK(IFERROR(INDEX(BAZA_FILM,MATCH($C9,BAZA_EX,0)),""),"film")),"")} | K9: D1-S03 | L9: {=IFERROR(INDEX(BAZA_ID,MATCH($C9,BAZA_EX,0)),"")} | M9: {=IFERROR(INDEX(BAZA_PART,MATCH($C9,BAZA_EX,0)),"")} | N9: {=IFERROR(INDEX(BAZA_KAT,MATCH($C9,BAZA_EX,0)),"")} | O9: {=IFERROR(INDEX(BAZA_COEFF,MATCH($C9,BAZA_EX,0)),"")} | P9: {=IFERROR(INDEX(BAZA_SKOK,MATCH($C9,BAZA_EX,0)),"")} | Q9: {=IFERROR(INDEX(BAZA_PROG,MATCH($C9,BAZA_EX,0)),"")} | R9: =IF($C9="","",IF(SUMPRODUCT((START!$B$6:$B$69=$C9)*(START!$M$6:$M$69>0))=0,"",SUMPRODUCT(MAX((START!$B$6:$B$69=$C9)*START!$M$6:$M$69)))) | S9: {=IFERROR(INDEX(TABELE!$B$4:$J$18,MATCH($E9,TABELE!$A$4:$A$18,0),MATCH($F9,TABELE!$B$3:$J$3,0)),"")} | T9: {=IFERROR(IF($C9="",0,$O9*$D9*INDEX(TABELE!$B$23:$P$33,MATCH($F9,TABELE!$A$23:$A$33,0),MATCH($E9,TABELE!$B$22:$P$22,0))),0)} -> 0 | U9: {=IFERROR(IF($C9="",0,$O9*$D9*INDEX(TABELE!$B$37:$P$47,MATCH($F9,TABELE!$A$37:$A$47,0),MATCH($E9,TABELE!$B$36:$P$36,0))),0)} -> 0 | V9: {=IFERROR(IF($C9="",0,$O9*$D9*INDEX(TABELE!$B$51:$P$61,MATCH($F9,TABELE!$A$51:$A$61,0),MATCH($E9,TABELE!$B$50:$P$50,0))),0)} -> 0 | W9: {=IFERROR(INDEX(BAZA_UWAGI,MATCH($C9,BAZA_EX,0)),"")} | X9: =IF($A9="","",$Z9) -> 2 | Y9: =IF($A9="",$Y8,LEFT($A9,1)) -> B | Z9: =IF($A9="",$Z8,IF(LEFT($A9,1)=$Y8,$Z8,$Z8+1)) -> 2 | AB9: =IF($C9="","",IF($H9<>"",$H9,IF($H$19="✓ ukończony","OK",""))) | AC9: 1 | AD9: =IF(OR($Q9="masa ciała",$Q9="czas",$Q9="dystans",$Q9="ręczne ustawienie"),MAX(-3,MIN(3,ROUND(($AC9-1)/0.05,0))),0) -> 0
A10: C1. | D10: 3 | E10: =IF($C10="",0,MIN(15,MAX(1,IF(N($O10)>=1,6,IF(N($O10)>=0.75,IF(PRZEL_CZESC="część 1 (objętość)",8,6),IF(PRZEL_CZESC="część 1 (objętość)",10,8)))+0+$AD10))) -> 0 | F10: 8 | G10: =IF($C10="","",IF(OR($Q10="masa ciała",$Q10="czas",$Q10="dystans",$Q10="ręczne ustawienie"),$Q10,IF(OR($R10="",$R10=0),"— brak 1RM",MROUND($R10*$S10/100,MAX($P10,0.5))))) | I10: {=IFERROR(IF(IFERROR(INDEX(BAZA_FILM,MATCH($C10,BAZA_EX,0)),"")="","",HYPERLINK(IFERROR(INDEX(BAZA_FILM,MATCH($C10,BAZA_EX,0)),""),"film")),"")} | K10: D1-S04 | L10: {=IFERROR(INDEX(BAZA_ID,MATCH($C10,BAZA_EX,0)),"")} | M10: {=IFERROR(INDEX(BAZA_PART,MATCH($C10,BAZA_EX,0)),"")} | N10: {=IFERROR(INDEX(BAZA_KAT,MATCH($C10,BAZA_EX,0)),"")} | O10: {=IFERROR(INDEX(BAZA_COEFF,MATCH($C10,BAZA_EX,0)),"")} | P10: {=IFERROR(INDEX(BAZA_SKOK,MATCH($C10,BAZA_EX,0)),"")} | Q10: {=IFERROR(INDEX(BAZA_PROG,MATCH($C10,BAZA_EX,0)),"")} | R10: =IF($C10="","",IF(SUMPRODUCT((START!$B$6:$B$69=$C10)*(START!$M$6:$M$69>0))=0,"",SUMPRODUCT(MAX((START!$B$6:$B$69=$C10)*START!$M$6:$M$69)))) | S10: {=IFERROR(INDEX(TABELE!$B$4:$J$18,MATCH($E10,TABELE!$A$4:$A$18,0),MATCH($F10,TABELE!$B$3:$J$3,0)),"")} | T10: {=IFERROR(IF($C10="",0,$O10*$D10*INDEX(TABELE!$B$23:$P$33,MATCH($F10,TABELE!$A$23:$A$33,0),MATCH($E10,TABELE!$B$22:$P$22,0))),0)} -> 0 | U10: {=IFERROR(IF($C10="",0,$O10*$D10*INDEX(TABELE!$B$37:$P$47,MATCH($F10,TABELE!$A$37:$A$47,0),MATCH($E10,TABELE!$B$36:$P$36,0))),0)} -> 0 | V10: {=IFERROR(IF($C10="",0,$O10*$D10*INDEX(TABELE!$B$51:$P$61,MATCH($F10,TABELE!$A$51:$A$61,0),MATCH($E10,TABELE!$B$50:$P$50,0))),0)} -> 0 | W10: {=IFERROR(INDEX(BAZA_UWAGI,MATCH($C10,BAZA_EX,0)),"")} | X10: =IF($A10="","",$Z10) -> 3 | Y10: =IF($A10="",$Y9,LEFT($A10,1)) -> C | Z10: =IF($A10="",$Z9,IF(LEFT($A10,1)=$Y9,$Z9,$Z9+1)) -> 3 | AB10: =IF($C10="","",IF($H10<>"",$H10,IF($H$19="✓ ukończony","OK",""))) | AC10: 1 | AD10: =IF(OR($Q10="masa ciała",$Q10="czas",$Q10="dystans",$Q10="ręczne ustawienie"),MAX(-3,MIN(3,ROUND(($AC10-1)/0.05,0))),0) -> 0
A11: C2. | D11: 3 | E11: =IF($C11="",0,MIN(15,MAX(1,IF(N($O11)>=1,6,IF(N($O11)>=0.75,IF(PRZEL_CZESC="część 1 (objętość)",8,6),IF(PRZEL_CZESC="część 1 (objętość)",10,8)))+0+$AD11))) -> 0 | F11: 9 | G11: =IF($C11="","",IF(OR($Q11="masa ciała",$Q11="czas",$Q11="dystans",$Q11="ręczne ustawienie"),$Q11,IF(OR($R11="",$R11=0),"— brak 1RM",MROUND($R11*$S11/100,MAX($P11,0.5))))) | I11: {=IFERROR(IF(IFERROR(INDEX(BAZA_FILM,MATCH($C11,BAZA_EX,0)),"")="","",HYPERLINK(IFERROR(INDEX(BAZA_FILM,MATCH($C11,BAZA_EX,0)),""),"film")),"")} | K11: D1-S05 | L11: {=IFERROR(INDEX(BAZA_ID,MATCH($C11,BAZA_EX,0)),"")} | M11: {=IFERROR(INDEX(BAZA_PART,MATCH($C11,BAZA_EX,0)),"")} | N11: {=IFERROR(INDEX(BAZA_KAT,MATCH($C11,BAZA_EX,0)),"")} | O11: {=IFERROR(INDEX(BAZA_COEFF,MATCH($C11,BAZA_EX,0)),"")} | P11: {=IFERROR(INDEX(BAZA_SKOK,MATCH($C11,BAZA_EX,0)),"")} | Q11: {=IFERROR(INDEX(BAZA_PROG,MATCH($C11,BAZA_EX,0)),"")} | R11: =IF($C11="","",IF(SUMPRODUCT((START!$B$6:$B$69=$C11)*(START!$M$6:$M$69>0))=0,"",SUMPRODUCT(MAX((START!$B$6:$B$69=$C11)*START!$M$6:$M$69)))) | S11: {=IFERROR(INDEX(TABELE!$B$4:$J$18,MATCH($E11,TABELE!$A$4:$A$18,0),MATCH($F11,TABELE!$B$3:$J$3,0)),"")} | T11: {=IFERROR(IF($C11="",0,$O11*$D11*INDEX(TABELE!$B$23:$P$33,MATCH($F11,TABELE!$A$23:$A$33,0),MATCH($E11,TABELE!$B$22:$P$22,0))),0)} -> 0 | U11: {=IFERROR(IF($C11="",0,$O11*$D11*INDEX(TABELE!$B$37:$P$47,MATCH($F11,TABELE!$A$37:$A$47,0),MATCH($E11,TABELE!$B$36:$P$36,0))),0)} -> 0 | V11: {=IFERROR(IF($C11="",0,$O11*$D11*INDEX(TABELE!$B$51:$P$61,MATCH($F11,TABELE!$A$51:$A$61,0),MATCH($E11,TABELE!$B$50:$P$50,0))),0)} -> 0 | W11: {=IFERROR(INDEX(BAZA_UWAGI,MATCH($C11,BAZA_EX,0)),"")} | X11: =IF($A11="","",$Z11) -> 3 | Y11: =IF($A11="",$Y10,LEFT($A11,1)) -> C | Z11: =IF($A11="",$Z10,IF(LEFT($A11,1)=$Y10,$Z10,$Z10+1)) -> 3 | AB11: =IF($C11="","",IF($H11<>"",$H11,IF($H$19="✓ ukończony","OK",""))) | AC11: 1 | AD11: =IF(OR($Q11="masa ciała",$Q11="czas",$Q11="dystans",$Q11="ręczne ustawienie"),MAX(-3,MIN(3,ROUND(($AC11-1)/0.05,0))),0) -> 0
A12: D1. | D12: 3 | E12: =IF($C12="",0,MIN(15,MAX(1,IF(N($O12)>=1,6,IF(N($O12)>=0.75,IF(PRZEL_CZESC="część 1 (objętość)",8,6),IF(PRZEL_CZESC="część 1 (objętość)",10,8)))+0+$AD12))) -> 0 | F12: 8 | G12: =IF($C12="","",IF(OR($Q12="masa ciała",$Q12="czas",$Q12="dystans",$Q12="ręczne ustawienie"),$Q12,IF(OR($R12="",$R12=0),"— brak 1RM",MROUND($R12*$S12/100,MAX($P12,0.5))))) | I12: {=IFERROR(IF(IFERROR(INDEX(BAZA_FILM,MATCH($C12,BAZA_EX,0)),"")="","",HYPERLINK(IFERROR(INDEX(BAZA_FILM,MATCH($C12,BAZA_EX,0)),""),"film")),"")} | K12: D1-S06 | L12: {=IFERROR(INDEX(BAZA_ID,MATCH($C12,BAZA_EX,0)),"")} | M12: {=IFERROR(INDEX(BAZA_PART,MATCH($C12,BAZA_EX,0)),"")} | N12: {=IFERROR(INDEX(BAZA_KAT,MATCH($C12,BAZA_EX,0)),"")} | O12: {=IFERROR(INDEX(BAZA_COEFF,MATCH($C12,BAZA_EX,0)),"")} | P12: {=IFERROR(INDEX(BAZA_SKOK,MATCH($C12,BAZA_EX,0)),"")} | Q12: {=IFERROR(INDEX(BAZA_PROG,MATCH($C12,BAZA_EX,0)),"")} | R12: =IF($C12="","",IF(SUMPRODUCT((START!$B$6:$B$69=$C12)*(START!$M$6:$M$69>0))=0,"",SUMPRODUCT(MAX((START!$B$6:$B$69=$C12)*START!$M$6:$M$69)))) | S12: {=IFERROR(INDEX(TABELE!$B$4:$J$18,MATCH($E12,TABELE!$A$4:$A$18,0),MATCH($F12,TABELE!$B$3:$J$3,0)),"")} | T12: {=IFERROR(IF($C12="",0,$O12*$D12*INDEX(TABELE!$B$23:$P$33,MATCH($F12,TABELE!$A$23:$A$33,0),MATCH($E12,TABELE!$B$22:$P$22,0))),0)} -> 0 | U12: {=IFERROR(IF($C12="",0,$O12*$D12*INDEX(TABELE!$B$37:$P$47,MATCH($F12,TABELE!$A$37:$A$47,0),MATCH($E12,TABELE!$B$36:$P$36,0))),0)} -> 0 | V12: {=IFERROR(IF($C12="",0,$O12*$D12*INDEX(TABELE!$B$51:$P$61,MATCH($F12,TABELE!$A$51:$A$61,0),MATCH($E12,TABELE!$B$50:$P$50,0))),0)} -> 0 | W12: {=IFERROR(INDEX(BAZA_UWAGI,MATCH($C12,BAZA_EX,0)),"")} | X12: =IF($A12="","",$Z12) -> 4 | Y12: =IF($A12="",$Y11,LEFT($A12,1)) -> D | Z12: =IF($A12="",$Z11,IF(LEFT($A12,1)=$Y11,$Z11,$Z11+1)) -> 4 | AB12: =IF($C12="","",IF($H12<>"",$H12,IF($H$19="✓ ukończony","OK",""))) | AC12: 1 | AD12: =IF(OR($Q12="masa ciała",$Q12="czas",$Q12="dystans",$Q12="ręczne ustawienie"),MAX(-3,MIN(3,ROUND(($AC12-1)/0.05,0))),0) -> 0
A13: D2. | D13: 3 | E13: =IF($C13="",0,MIN(15,MAX(1,IF(N($O13)>=1,6,IF(N($O13)>=0.75,IF(PRZEL_CZESC="część 1 (objętość)",8,6),IF(PRZEL_CZESC="część 1 (objętość)",10,8)))+0+$AD13))) -> 0 | F13: 9 | G13: =IF($C13="","",IF(OR($Q13="masa ciała",$Q13="czas",$Q13="dystans",$Q13="ręczne ustawienie"),$Q13,IF(OR($R13="",$R13=0),"— brak 1RM",MROUND($R13*$S13/100,MAX($P13,0.5))))) | I13: {=IFERROR(IF(IFERROR(INDEX(BAZA_FILM,MATCH($C13,BAZA_EX,0)),"")="","",HYPERLINK(IFERROR(INDEX(BAZA_FILM,MATCH($C13,BAZA_EX,0)),""),"film")),"")} | K13: D1-S07 | L13: {=IFERROR(INDEX(BAZA_ID,MATCH($C13,BAZA_EX,0)),"")} | M13: {=IFERROR(INDEX(BAZA_PART,MATCH($C13,BAZA_EX,0)),"")} | N13: {=IFERROR(INDEX(BAZA_KAT,MATCH($C13,BAZA_EX,0)),"")} | O13: {=IFERROR(INDEX(BAZA_COEFF,MATCH($C13,BAZA_EX,0)),"")} | P13: {=IFERROR(INDEX(BAZA_SKOK,MATCH($C13,BAZA_EX,0)),"")} | Q13: {=IFERROR(INDEX(BAZA_PROG,MATCH($C13,BAZA_EX,0)),"")} | R13: =IF($C13="","",IF(SUMPRODUCT((START!$B$6:$B$69=$C13)*(START!$M$6:$M$69>0))=0,"",SUMPRODUCT(MAX((START!$B$6:$B$69=$C13)*START!$M$6:$M$69)))) | S13: {=IFERROR(INDEX(TABELE!$B$4:$J$18,MATCH($E13,TABELE!$A$4:$A$18,0),MATCH($F13,TABELE!$B$3:$J$3,0)),"")} | T13: {=IFERROR(IF($C13="",0,$O13*$D13*INDEX(TABELE!$B$23:$P$33,MATCH($F13,TABELE!$A$23:$A$33,0),MATCH($E13,TABELE!$B$22:$P$22,0))),0)} -> 0 | U13: {=IFERROR(IF($C13="",0,$O13*$D13*INDEX(TABELE!$B$37:$P$47,MATCH($F13,TABELE!$A$37:$A$47,0),MATCH($E13,TABELE!$B$36:$P$36,0))),0)} -> 0 | V13: {=IFERROR(IF($C13="",0,$O13*$D13*INDEX(TABELE!$B$51:$P$61,MATCH($F13,TABELE!$A$51:$A$61,0),MATCH($E13,TABELE!$B$50:$P$50,0))),0)} -> 0 | W13: {=IFERROR(INDEX(BAZA_UWAGI,MATCH($C13,BAZA_EX,0)),"")} | X13: =IF($A13="","",$Z13) -> 4 | Y13: =IF($A13="",$Y12,LEFT($A13,1)) -> D | Z13: =IF($A13="",$Z12,IF(LEFT($A13,1)=$Y12,$Z12,$Z12+1)) -> 4 | AB13: =IF($C13="","",IF($H13<>"",$H13,IF($H$19="✓ ukończony","OK",""))) | AC13: 1 | AD13: =IF(OR($Q13="masa ciała",$Q13="czas",$Q13="dystans",$Q13="ręczne ustawienie"),MAX(-3,MIN(3,ROUND(($AC13-1)/0.05,0))),0) -> 0
A14: E1. | E14: =IF($C14="",0,MIN(15,MAX(1,IF(N($O14)>=1,6,IF(N($O14)>=0.75,IF(PRZEL_CZESC="część 1 (objętość)",8,6),IF(PRZEL_CZESC="część 1 (objętość)",10,8)))+0+$AD14))) -> 0 | G14: =IF($C14="","",IF(OR($Q14="masa ciała",$Q14="czas",$Q14="dystans",$Q14="ręczne ustawienie"),$Q14,IF(OR($R14="",$R14=0),"— brak 1RM",MROUND($R14*$S14/100,MAX($P14,0.5))))) | I14: {=IFERROR(IF(IFERROR(INDEX(BAZA_FILM,MATCH($C14,BAZA_EX,0)),"")="","",HYPERLINK(IFERROR(INDEX(BAZA_FILM,MATCH($C14,BAZA_EX,0)),""),"film")),"")} | K14: D1-S08 | L14: {=IFERROR(INDEX(BAZA_ID,MATCH($C14,BAZA_EX,0)),"")} | M14: {=IFERROR(INDEX(BAZA_PART,MATCH($C14,BAZA_EX,0)),"")} | N14: {=IFERROR(INDEX(BAZA_KAT,MATCH($C14,BAZA_EX,0)),"")} | O14: {=IFERROR(INDEX(BAZA_COEFF,MATCH($C14,BAZA_EX,0)),"")} | P14: {=IFERROR(INDEX(BAZA_SKOK,MATCH($C14,BAZA_EX,0)),"")} | Q14: {=IFERROR(INDEX(BAZA_PROG,MATCH($C14,BAZA_EX,0)),"")} | R14: =IF($C14="","",IF(SUMPRODUCT((START!$B$6:$B$69=$C14)*(START!$M$6:$M$69>0))=0,"",SUMPRODUCT(MAX((START!$B$6:$B$69=$C14)*START!$M$6:$M$69)))) | S14: {=IFERROR(INDEX(TABELE!$B$4:$J$18,MATCH($E14,TABELE!$A$4:$A$18,0),MATCH($F14,TABELE!$B$3:$J$3,0)),"")} | T14: {=IFERROR(IF($C14="",0,$O14*$D14*INDEX(TABELE!$B$23:$P$33,MATCH($F14,TABELE!$A$23:$A$33,0),MATCH($E14,TABELE!$B$22:$P$22,0))),0)} -> 0 | U14: {=IFERROR(IF($C14="",0,$O14*$D14*INDEX(TABELE!$B$37:$P$47,MATCH($F14,TABELE!$A$37:$A$47,0),MATCH($E14,TABELE!$B$36:$P$36,0))),0)} -> 0 | V14: {=IFERROR(IF($C14="",0,$O14*$D14*INDEX(TABELE!$B$51:$P$61,MATCH($F14,TABELE!$A$51:$A$61,0),MATCH($E14,TABELE!$B$50:$P$50,0))),0)} -> 0 | W14: {=IFERROR(INDEX(BAZA_UWAGI,MATCH($C14,BAZA_EX,0)),"")} | X14: =IF($A14="","",$Z14) -> 5 | Y14: =IF($A14="",$Y13,LEFT($A14,1)) -> E | Z14: =IF($A14="",$Z13,IF(LEFT($A14,1)=$Y13,$Z13,$Z13+1)) -> 5 | AB14: =IF($C14="","",IF($H14<>"",$H14,IF($H$19="✓ ukończony","OK",""))) | AC14: 1 | AD14: =IF(OR($Q14="masa ciała",$Q14="czas",$Q14="dystans",$Q14="ręczne ustawienie"),MAX(-3,MIN(3,ROUND(($AC14-1)/0.05,0))),0) -> 0
A15: E2. | E15: =IF($C15="",0,MIN(15,MAX(1,IF(N($O15)>=1,6,IF(N($O15)>=0.75,IF(PRZEL_CZESC="część 1 (objętość)",8,6),IF(PRZEL_CZESC="część 1 (objętość)",10,8)))+0+$AD15))) -> 0 | G15: =IF($C15="","",IF(OR($Q15="masa ciała",$Q15="czas",$Q15="dystans",$Q15="ręczne ustawienie"),$Q15,IF(OR($R15="",$R15=0),"— brak 1RM",MROUND($R15*$S15/100,MAX($P15,0.5))))) | I15: {=IFERROR(IF(IFERROR(INDEX(BAZA_FILM,MATCH($C15,BAZA_EX,0)),"")="","",HYPERLINK(IFERROR(INDEX(BAZA_FILM,MATCH($C15,BAZA_EX,0)),""),"film")),"")} | K15: D1-S09 | L15: {=IFERROR(INDEX(BAZA_ID,MATCH($C15,BAZA_EX,0)),"")} | M15: {=IFERROR(INDEX(BAZA_PART,MATCH($C15,BAZA_EX,0)),"")} | N15: {=IFERROR(INDEX(BAZA_KAT,MATCH($C15,BAZA_EX,0)),"")} | O15: {=IFERROR(INDEX(BAZA_COEFF,MATCH($C15,BAZA_EX,0)),"")} | P15: {=IFERROR(INDEX(BAZA_SKOK,MATCH($C15,BAZA_EX,0)),"")} | Q15: {=IFERROR(INDEX(BAZA_PROG,MATCH($C15,BAZA_EX,0)),"")} | R15: =IF($C15="","",IF(SUMPRODUCT((START!$B$6:$B$69=$C15)*(START!$M$6:$M$69>0))=0,"",SUMPRODUCT(MAX((START!$B$6:$B$69=$C15)*START!$M$6:$M$69)))) | S15: {=IFERROR(INDEX(TABELE!$B$4:$J$18,MATCH($E15,TABELE!$A$4:$A$18,0),MATCH($F15,TABELE!$B$3:$J$3,0)),"")} | T15: {=IFERROR(IF($C15="",0,$O15*$D15*INDEX(TABELE!$B$23:$P$33,MATCH($F15,TABELE!$A$23:$A$33,0),MATCH($E15,TABELE!$B$22:$P$22,0))),0)} -> 0 | U15: {=IFERROR(IF($C15="",0,$O15*$D15*INDEX(TABELE!$B$37:$P$47,MATCH($F15,TABELE!$A$37:$A$47,0),MATCH($E15,TABELE!$B$36:$P$36,0))),0)} -> 0 | V15: {=IFERROR(IF($C15="",0,$O15*$D15*INDEX(TABELE!$B$51:$P$61,MATCH($F15,TABELE!$A$51:$A$61,0),MATCH($E15,TABELE!$B$50:$P$50,0))),0)} -> 0 | W15: {=IFERROR(INDEX(BAZA_UWAGI,MATCH($C15,BAZA_EX,0)),"")} | X15: =IF($A15="","",$Z15) -> 5 | Y15: =IF($A15="",$Y14,LEFT($A15,1)) -> E | Z15: =IF($A15="",$Z14,IF(LEFT($A15,1)=$Y14,$Z14,$Z14+1)) -> 5 | AB15: =IF($C15="","",IF($H15<>"",$H15,IF($H$19="✓ ukończony","OK",""))) | AC15: 1 | AD15: =IF(OR($Q15="masa ciała",$Q15="czas",$Q15="dystans",$Q15="ręczne ustawienie"),MAX(-3,MIN(3,ROUND(($AC15-1)/0.05,0))),0) -> 0
E16: =IF($C16="",0,MIN(15,MAX(1,IF(N($O16)>=1,6,IF(N($O16)>=0.75,IF(PRZEL_CZESC="część 1 (objętość)",8,6),IF(PRZEL_CZESC="część 1 (objętość)",10,8)))+0+$AD16))) -> 0 | G16: =IF($C16="","",IF(OR($Q16="masa ciała",$Q16="czas",$Q16="dystans",$Q16="ręczne ustawienie"),$Q16,IF(OR($R16="",$R16=0),"— brak 1RM",MROUND($R16*$S16/100,MAX($P16,0.5))))) | I16: {=IFERROR(IF(IFERROR(INDEX(BAZA_FILM,MATCH($C16,BAZA_EX,0)),"")="","",HYPERLINK(IFERROR(INDEX(BAZA_FILM,MATCH($C16,BAZA_EX,0)),""),"film")),"")} | K16: D1-S10 | L16: {=IFERROR(INDEX(BAZA_ID,MATCH($C16,BAZA_EX,0)),"")} | M16: {=IFERROR(INDEX(BAZA_PART,MATCH($C16,BAZA_EX,0)),"")} | N16: {=IFERROR(INDEX(BAZA_KAT,MATCH($C16,BAZA_EX,0)),"")} | O16: {=IFERROR(INDEX(BAZA_COEFF,MATCH($C16,BAZA_EX,0)),"")} | P16: {=IFERROR(INDEX(BAZA_SKOK,MATCH($C16,BAZA_EX,0)),"")} | Q16: {=IFERROR(INDEX(BAZA_PROG,MATCH($C16,BAZA_EX,0)),"")} | R16: =IF($C16="","",IF(SUMPRODUCT((START!$B$6:$B$69=$C16)*(START!$M$6:$M$69>0))=0,"",SUMPRODUCT(MAX((START!$B$6:$B$69=$C16)*START!$M$6:$M$69)))) | S16: {=IFERROR(INDEX(TABELE!$B$4:$J$18,MATCH($E16,TABELE!$A$4:$A$18,0),MATCH($F16,TABELE!$B$3:$J$3,0)),"")} | T16: {=IFERROR(IF($C16="",0,$O16*$D16*INDEX(TABELE!$B$23:$P$33,MATCH($F16,TABELE!$A$23:$A$33,0),MATCH($E16,TABELE!$B$22:$P$22,0))),0)} -> 0 | U16: {=IFERROR(IF($C16="",0,$O16*$D16*INDEX(TABELE!$B$37:$P$47,MATCH($F16,TABELE!$A$37:$A$47,0),MATCH($E16,TABELE!$B$36:$P$36,0))),0)} -> 0 | V16: {=IFERROR(IF($C16="",0,$O16*$D16*INDEX(TABELE!$B$51:$P$61,MATCH($F16,TABELE!$A$51:$A$61,0),MATCH($E16,TABELE!$B$50:$P$50,0))),0)} -> 0 | W16: {=IFERROR(INDEX(BAZA_UWAGI,MATCH($C16,BAZA_EX,0)),"")} | X16: =IF($A16="","",$Z16) | Y16: =IF($A16="",$Y15,LEFT($A16,1)) -> E | Z16: =IF($A16="",$Z15,IF(LEFT($A16,1)=$Y15,$Z15,$Z15+1)) -> 5 | AB16: =IF($C16="","",IF($H16<>"",$H16,IF($H$19="✓ ukończony","OK",""))) | AC16: 1 | AD16: =IF(OR($Q16="masa ciała",$Q16="czas",$Q16="dystans",$Q16="ręczne ustawienie"),MAX(-3,MIN(3,ROUND(($AC16-1)/0.05,0))),0) -> 0
E17: =IF($C17="",0,MIN(15,MAX(1,IF(N($O17)>=1,6,IF(N($O17)>=0.75,IF(PRZEL_CZESC="część 1 (objętość)",8,6),IF(PRZEL_CZESC="część 1 (objętość)",10,8)))+0+$AD17))) -> 0 | G17: =IF($C17="","",IF(OR($Q17="masa ciała",$Q17="czas",$Q17="dystans",$Q17="ręczne ustawienie"),$Q17,IF(OR($R17="",$R17=0),"— brak 1RM",MROUND($R17*$S17/100,MAX($P17,0.5))))) | I17: {=IFERROR(IF(IFERROR(INDEX(BAZA_FILM,MATCH($C17,BAZA_EX,0)),"")="","",HYPERLINK(IFERROR(INDEX(BAZA_FILM,MATCH($C17,BAZA_EX,0)),""),"film")),"")} | K17: D1-S11 | L17: {=IFERROR(INDEX(BAZA_ID,MATCH($C17,BAZA_EX,0)),"")} | M17: {=IFERROR(INDEX(BAZA_PART,MATCH($C17,BAZA_EX,0)),"")} | N17: {=IFERROR(INDEX(BAZA_KAT,MATCH($C17,BAZA_EX,0)),"")} | O17: {=IFERROR(INDEX(BAZA_COEFF,MATCH($C17,BAZA_EX,0)),"")} | P17: {=IFERROR(INDEX(BAZA_SKOK,MATCH($C17,BAZA_EX,0)),"")} | Q17: {=IFERROR(INDEX(BAZA_PROG,MATCH($C17,BAZA_EX,0)),"")} | R17: =IF($C17="","",IF(SUMPRODUCT((START!$B$6:$B$69=$C17)*(START!$M$6:$M$69>0))=0,"",SUMPRODUCT(MAX((START!$B$6:$B$69=$C17)*START!$M$6:$M$69)))) | S17: {=IFERROR(INDEX(TABELE!$B$4:$J$18,MATCH($E17,TABELE!$A$4:$A$18,0),MATCH($F17,TABELE!$B$3:$J$3,0)),"")} | T17: {=IFERROR(IF($C17="",0,$O17*$D17*INDEX(TABELE!$B$23:$P$33,MATCH($F17,TABELE!$A$23:$A$33,0),MATCH($E17,TABELE!$B$22:$P$22,0))),0)} -> 0 | U17: {=IFERROR(IF($C17="",0,$O17*$D17*INDEX(TABELE!$B$37:$P$47,MATCH($F17,TABELE!$A$37:$A$47,0),MATCH($E17,TABELE!$B$36:$P$36,0))),0)} -> 0 | V17: {=IFERROR(IF($C17="",0,$O17*$D17*INDEX(TABELE!$B$51:$P$61,MATCH($F17,TABELE!$A$51:$A$61,0),MATCH($E17,TABELE!$B$50:$P$50,0))),0)} -> 0 | W17: {=IFERROR(INDEX(BAZA_UWAGI,MATCH($C17,BAZA_EX,0)),"")} | X17: =IF($A17="","",$Z17) | Y17: =IF($A17="",$Y16,LEFT($A17,1)) -> E | Z17: =IF($A17="",$Z16,IF(LEFT($A17,1)=$Y16,$Z16,$Z16+1)) -> 5 | AB17: =IF($C17="","",IF($H17<>"",$H17,IF($H$19="✓ ukończony","OK",""))) | AC17: 1 | AD17: =IF(OR($Q17="masa ciała",$Q17="czas",$Q17="dystans",$Q17="ręczne ustawienie"),MAX(-3,MIN(3,ROUND(($AC17-1)/0.05,0))),0) -> 0
E18: =IF($C18="",0,MIN(15,MAX(1,IF(N($O18)>=1,6,IF(N($O18)>=0.75,IF(PRZEL_CZESC="część 1 (objętość)",8,6),IF(PRZEL_CZESC="część 1 (objętość)",10,8)))+0+$AD18))) -> 0 | G18: =IF($C18="","",IF(OR($Q18="masa ciała",$Q18="czas",$Q18="dystans",$Q18="ręczne ustawienie"),$Q18,IF(OR($R18="",$R18=0),"— brak 1RM",MROUND($R18*$S18/100,MAX($P18,0.5))))) | I18: {=IFERROR(IF(IFERROR(INDEX(BAZA_FILM,MATCH($C18,BAZA_EX,0)),"")="","",HYPERLINK(IFERROR(INDEX(BAZA_FILM,MATCH($C18,BAZA_EX,0)),""),"film")),"")} | K18: D1-S12 | L18: {=IFERROR(INDEX(BAZA_ID,MATCH($C18,BAZA_EX,0)),"")} | M18: {=IFERROR(INDEX(BAZA_PART,MATCH($C18,BAZA_EX,0)),"")} | N18: {=IFERROR(INDEX(BAZA_KAT,MATCH($C18,BAZA_EX,0)),"")} | O18: {=IFERROR(INDEX(BAZA_COEFF,MATCH($C18,BAZA_EX,0)),"")} | P18: {=IFERROR(INDEX(BAZA_SKOK,MATCH($C18,BAZA_EX,0)),"")} | Q18: {=IFERROR(INDEX(BAZA_PROG,MATCH($C18,BAZA_EX,0)),"")} | R18: =IF($C18="","",IF(SUMPRODUCT((START!$B$6:$B$69=$C18)*(START!$M$6:$M$69>0))=0,"",SUMPRODUCT(MAX((START!$B$6:$B$69=$C18)*START!$M$6:$M$69)))) | S18: {=IFERROR(INDEX(TABELE!$B$4:$J$18,MATCH($E18,TABELE!$A$4:$A$18,0),MATCH($F18,TABELE!$B$3:$J$3,0)),"")} | T18: {=IFERROR(IF($C18="",0,$O18*$D18*INDEX(TABELE!$B$23:$P$33,MATCH($F18,TABELE!$A$23:$A$33,0),MATCH($E18,TABELE!$B$22:$P$22,0))),0)} -> 0 | U18: {=IFERROR(IF($C18="",0,$O18*$D18*INDEX(TABELE!$B$37:$P$47,MATCH($F18,TABELE!$A$37:$A$47,0),MATCH($E18,TABELE!$B$36:$P$36,0))),0)} -> 0 | V18: {=IFERROR(IF($C18="",0,$O18*$D18*INDEX(TABELE!$B$51:$P$61,MATCH($F18,TABELE!$A$51:$A$61,0),MATCH($E18,TABELE!$B$50:$P$50,0))),0)} -> 0 | W18: {=IFERROR(INDEX(BAZA_UWAGI,MATCH($C18,BAZA_EX,0)),"")} | X18: =IF($A18="","",$Z18) | Y18: =IF($A18="",$Y17,LEFT($A18,1)) -> E | Z18: =IF($A18="",$Z17,IF(LEFT($A18,1)=$Y17,$Z17,$Z17+1)) -> 5 | AB18: =IF($C18="","",IF($H18<>"",$H18,IF($H$19="✓ ukończony","OK",""))) | AC18: 1 | AD18: =IF(OR($Q18="masa ciała",$Q18="czas",$Q18="dystans",$Q18="ręczne ustawienie"),MAX(-3,MIN(3,ROUND(($AC18-1)/0.05,0))),0) -> 0
C19: Dzień I — razem | D19: =SUMPRODUCT((C7:C18<>"")*D7:D18)+IF(AND($B$6="TOP SET",$C$6<>""),1,0) | E19: =SUMPRODUCT((C7:C18<>"")*D7:D18*E7:E18)&" powt." -> 30 powt. | G19: ="stres t "&TEXT(SUM(T7:T18),"0.0") -> stres t 1,1
A21: DZIEŃ II
A22: =IF($B22="TOP SET","▲","") -> ▲ | B22: TOP SET | C22: =IF(OR($B22<>"TOP SET",$F22=""),"",IF(N($K22)=0,"",IF(INDEX($C$23:$C$34,$K22)="","",INDEX($C$23:$C$34,$K22)))) | D22: =IF(AND($B22="TOP SET",$F22<>""),1,"") | E22: =IF(AND($B22="TOP SET",$F22<>""),"1 powtórzenie","") | F22: 7 | G22: {=IF($B22<>"TOP SET","",IF($C22="","",IF(OR($Q22="masa ciała",$Q22="czas",$Q22="dystans",$Q22="ręczne ustawienie"),"—",IF(OR($R22="",$R22=0),"— brak 1RM",MROUND($R22*IFERROR(INDEX(TABELE!$B$4:$J$18,MATCH(1,TABELE!$A$4:$A$18,0),MATCH($F22,TABELE!$B$3:$J$3,0)),0)/100,MAX($P22,0.5))))))} | K22: =IFERROR(MATCH("A*",$A$23:$A$34,0),0) | P22: =IF(N($K22)=0,"",INDEX($P$23:$P$34,$K22)) | Q22: =IF(N($K22)=0,"",INDEX($Q$23:$Q$34,$K22)) | R22: =IF(N($K22)=0,"",INDEX($R$23:$R$34,$K22))
A23: A1. | D23: 6 | E23: 6 | F23: 6.5 | G23: =IF($C23="","",IF(OR($Q23="masa ciała",$Q23="czas",$Q23="dystans",$Q23="ręczne ustawienie"),$Q23,IF(OR($R23="",$R23=0),"— brak 1RM",MROUND($R23*$S23/100,MAX($P23,0.5))))) | I23: {=IFERROR(IF(IFERROR(INDEX(BAZA_FILM,MATCH($C23,BAZA_EX,0)),"")="","",HYPERLINK(IFERROR(INDEX(BAZA_FILM,MATCH($C23,BAZA_EX,0)),""),"film")),"")} | K23: D2-S01 | L23: {=IFERROR(INDEX(BAZA_ID,MATCH($C23,BAZA_EX,0)),"")} | M23: {=IFERROR(INDEX(BAZA_PART,MATCH($C23,BAZA_EX,0)),"")} | N23: {=IFERROR(INDEX(BAZA_KAT,MATCH($C23,BAZA_EX,0)),"")} | O23: {=IFERROR(INDEX(BAZA_COEFF,MATCH($C23,BAZA_EX,0)),"")} | P23: {=IFERROR(INDEX(BAZA_SKOK,MATCH($C23,BAZA_EX,0)),"")} | Q23: {=IFERROR(INDEX(BAZA_PROG,MATCH($C23,BAZA_EX,0)),"")} | R23: =IF($C23="","",IF(SUMPRODUCT((START!$B$6:$B$69=$C23)*(START!$M$6:$M$69>0))=0,"",SUMPRODUCT(MAX((START!$B$6:$B$69=$C23)*START!$M$6:$M$69)))) | S23: {=IFERROR(INDEX(TABELE!$B$4:$J$18,MATCH($E23,TABELE!$A$4:$A$18,0),MATCH($F23,TABELE!$B$3:$J$3,0)),"")} -> 69.5 | T23: {=IFERROR(IF($C23="",0,$O23*$D23*INDEX(TABELE!$B$23:$P$33,MATCH($F23,TABELE!$A$23:$A$33,0),MATCH($E23,TABELE!$B$22:$P$22,0))),0)} -> 0 | U23: {=IFERROR(IF($C23="",0,$O23*$D23*INDEX(TABELE!$B$37:$P$47,MATCH($F23,TABELE!$A$37:$A$47,0),MATCH($E23,TABELE!$B$36:$P$36,0))),0)} -> 0 | V23: {=IFERROR(IF($C23="",0,$O23*$D23*INDEX(TABELE!$B$51:$P$61,MATCH($F23,TABELE!$A$51:$A$61,0),MATCH($E23,TABELE!$B$50:$P$50,0))),0)} -> 0 | W23: {=IFERROR(INDEX(BAZA_UWAGI,MATCH($C23,BAZA_EX,0)),"")} | X23: =IF($A23="","",$Z23) -> 1 | Y23: =IF($A23="","",LEFT($A23,1)) -> A | Z23: =IF($A23="",0,1) -> 1 | AB23: =IF($C23="","",IF($H23<>"",$H23,IF($H$35="✓ ukończony","OK",""))) | AC23: 1 | AD23: =IF(OR($Q23="masa ciała",$Q23="czas",$Q23="dystans",$Q23="ręczne ustawienie"),MAX(-3,MIN(3,ROUND(($AC23-1)/0.05,0))),0) -> 0
A24: B1. | D24: 3 | E24: =IF($C24="",0,MIN(15,MAX(1,IF(N($O24)>=1,6,IF(N($O24)>=0.75,IF(PRZEL_CZESC="część 1 (objętość)",8,6),IF(PRZEL_CZESC="część 1 (objętość)",10,8)))+0+$AD24))) -> 0 | F24: 8 | G24: =IF($C24="","",IF(OR($Q24="masa ciała",$Q24="czas",$Q24="dystans",$Q24="ręczne ustawienie"),$Q24,IF(OR($R24="",$R24=0),"— brak 1RM",MROUND($R24*$S24/100,MAX($P24,0.5))))) | I24: {=IFERROR(IF(IFERROR(INDEX(BAZA_FILM,MATCH($C24,BAZA_EX,0)),"")="","",HYPERLINK(IFERROR(INDEX(BAZA_FILM,MATCH($C24,BAZA_EX,0)),""),"film")),"")} | K24: D2-S02 | L24: {=IFERROR(INDEX(BAZA_ID,MATCH($C24,BAZA_EX,0)),"")} | M24: {=IFERROR(INDEX(BAZA_PART,MATCH($C24,BAZA_EX,0)),"")} | N24: {=IFERROR(INDEX(BAZA_KAT,MATCH($C24,BAZA_EX,0)),"")} | O24: {=IFERROR(INDEX(BAZA_COEFF,MATCH($C24,BAZA_EX,0)),"")} | P24: {=IFERROR(INDEX(BAZA_SKOK,MATCH($C24,BAZA_EX,0)),"")} | Q24: {=IFERROR(INDEX(BAZA_PROG,MATCH($C24,BAZA_EX,0)),"")} | R24: =IF($C24="","",IF(SUMPRODUCT((START!$B$6:$B$69=$C24)*(START!$M$6:$M$69>0))=0,"",SUMPRODUCT(MAX((START!$B$6:$B$69=$C24)*START!$M$6:$M$69)))) | S24: {=IFERROR(INDEX(TABELE!$B$4:$J$18,MATCH($E24,TABELE!$A$4:$A$18,0),MATCH($F24,TABELE!$B$3:$J$3,0)),"")} | T24: {=IFERROR(IF($C24="",0,$O24*$D24*INDEX(TABELE!$B$23:$P$33,MATCH($F24,TABELE!$A$23:$A$33,0),MATCH($E24,TABELE!$B$22:$P$22,0))),0)} -> 0 | U24: {=IFERROR(IF($C24="",0,$O24*$D24*INDEX(TABELE!$B$37:$P$47,MATCH($F24,TABELE!$A$37:$A$47,0),MATCH($E24,TABELE!$B$36:$P$36,0))),0)} -> 0 | V24: {=IFERROR(IF($C24="",0,$O24*$D24*INDEX(TABELE!$B$51:$P$61,MATCH($F24,TABELE!$A$51:$A$61,0),MATCH($E24,TABELE!$B$50:$P$50,0))),0)} -> 0 | W24: {=IFERROR(INDEX(BAZA_UWAGI,MATCH($C24,BAZA_EX,0)),"")} | X24: =IF($A24="","",$Z24) -> 2 | Y24: =IF($A24="",$Y23,LEFT($A24,1)) -> B | Z24: =IF($A24="",$Z23,IF(LEFT($A24,1)=$Y23,$Z23,$Z23+1)) -> 2 | AB24: =IF($C24="","",IF($H24<>"",$H24,IF($H$35="✓ ukończony","OK",""))) | AC24: 1 | AD24: =IF(OR($Q24="masa ciała",$Q24="czas",$Q24="dystans",$Q24="ręczne ustawienie"),MAX(-3,MIN(3,ROUND(($AC24-1)/0.05,0))),0) -> 0
A25: B2. | D25: 3 | E25: =IF($C25="",0,MIN(15,MAX(1,IF(N($O25)>=1,6,IF(N($O25)>=0.75,IF(PRZEL_CZESC="część 1 (objętość)",8,6),IF(PRZEL_CZESC="część 1 (objętość)",10,8)))+0+$AD25))) -> 0 | F25: 8 | G25: =IF($C25="","",IF(OR($Q25="masa ciała",$Q25="czas",$Q25="dystans",$Q25="ręczne ustawienie"),$Q25,IF(OR($R25="",$R25=0),"— brak 1RM",MROUND($R25*$S25/100,MAX($P25,0.5))))) | I25: {=IFERROR(IF(IFERROR(INDEX(BAZA_FILM,MATCH($C25,BAZA_EX,0)),"")="","",HYPERLINK(IFERROR(INDEX(BAZA_FILM,MATCH($C25,BAZA_EX,0)),""),"film")),"")} | K25: D2-S03 | L25: {=IFERROR(INDEX(BAZA_ID,MATCH($C25,BAZA_EX,0)),"")} | M25: {=IFERROR(INDEX(BAZA_PART,MATCH($C25,BAZA_EX,0)),"")} | N25: {=IFERROR(INDEX(BAZA_KAT,MATCH($C25,BAZA_EX,0)),"")} | O25: {=IFERROR(INDEX(BAZA_COEFF,MATCH($C25,BAZA_EX,0)),"")} | P25: {=IFERROR(INDEX(BAZA_SKOK,MATCH($C25,BAZA_EX,0)),"")} | Q25: {=IFERROR(INDEX(BAZA_PROG,MATCH($C25,BAZA_EX,0)),"")} | R25: =IF($C25="","",IF(SUMPRODUCT((START!$B$6:$B$69=$C25)*(START!$M$6:$M$69>0))=0,"",SUMPRODUCT(MAX((START!$B$6:$B$69=$C25)*START!$M$6:$M$69)))) | S25: {=IFERROR(INDEX(TABELE!$B$4:$J$18,MATCH($E25,TABELE!$A$4:$A$18,0),MATCH($F25,TABELE!$B$3:$J$3,0)),"")} | T25: {=IFERROR(IF($C25="",0,$O25*$D25*INDEX(TABELE!$B$23:$P$33,MATCH($F25,TABELE!$A$23:$A$33,0),MATCH($E25,TABELE!$B$22:$P$22,0))),0)} -> 0 | U25: {=IFERROR(IF($C25="",0,$O25*$D25*INDEX(TABELE!$B$37:$P$47,MATCH($F25,TABELE!$A$37:$A$47,0),MATCH($E25,TABELE!$B$36:$P$36,0))),0)} -> 0 | V25: {=IFERROR(IF($C25="",0,$O25*$D25*INDEX(TABELE!$B$51:$P$61,MATCH($F25,TABELE!$A$51:$A$61,0),MATCH($E25,TABELE!$B$50:$P$50,0))),0)} -> 0 | W25: {=IFERROR(INDEX(BAZA_UWAGI,MATCH($C25,BAZA_EX,0)),"")} | X25: =IF($A25="","",$Z25) -> 2 | Y25: =IF($A25="",$Y24,LEFT($A25,1)) -> B | Z25: =IF($A25="",$Z24,IF(LEFT($A25,1)=$Y24,$Z24,$Z24+1)) -> 2 | AB25: =IF($C25="","",IF($H25<>"",$H25,IF($H$35="✓ ukończony","OK",""))) | AC25: 1 | AD25: =IF(OR($Q25="masa ciała",$Q25="czas",$Q25="dystans",$Q25="ręczne ustawienie"),MAX(-3,MIN(3,ROUND(($AC25-1)/0.05,0))),0) -> 0
A26: C1. | D26: 3 | E26: =IF($C26="",0,MIN(15,MAX(1,IF(N($O26)>=1,6,IF(N($O26)>=0.75,IF(PRZEL_CZESC="część 1 (objętość)",8,6),IF(PRZEL_CZESC="część 1 (objętość)",10,8)))+0+$AD26))) -> 0 | F26: 8 | G26: =IF($C26="","",IF(OR($Q26="masa ciała",$Q26="czas",$Q26="dystans",$Q26="ręczne ustawienie"),$Q26,IF(OR($R26="",$R26=0),"— brak 1RM",MROUND($R26*$S26/100,MAX($P26,0.5))))) | I26: {=IFERROR(IF(IFERROR(INDEX(BAZA_FILM,MATCH($C26,BAZA_EX,0)),"")="","",HYPERLINK(IFERROR(INDEX(BAZA_FILM,MATCH($C26,BAZA_EX,0)),""),"film")),"")} | K26: D2-S04 | L26: {=IFERROR(INDEX(BAZA_ID,MATCH($C26,BAZA_EX,0)),"")} | M26: {=IFERROR(INDEX(BAZA_PART,MATCH($C26,BAZA_EX,0)),"")} | N26: {=IFERROR(INDEX(BAZA_KAT,MATCH($C26,BAZA_EX,0)),"")} | O26: {=IFERROR(INDEX(BAZA_COEFF,MATCH($C26,BAZA_EX,0)),"")} | P26: {=IFERROR(INDEX(BAZA_SKOK,MATCH($C26,BAZA_EX,0)),"")} | Q26: {=IFERROR(INDEX(BAZA_PROG,MATCH($C26,BAZA_EX,0)),"")} | R26: =IF($C26="","",IF(SUMPRODUCT((START!$B$6:$B$69=$C26)*(START!$M$6:$M$69>0))=0,"",SUMPRODUCT(MAX((START!$B$6:$B$69=$C26)*START!$M$6:$M$69)))) | S26: {=IFERROR(INDEX(TABELE!$B$4:$J$18,MATCH($E26,TABELE!$A$4:$A$18,0),MATCH($F26,TABELE!$B$3:$J$3,0)),"")} | T26: {=IFERROR(IF($C26="",0,$O26*$D26*INDEX(TABELE!$B$23:$P$33,MATCH($F26,TABELE!$A$23:$A$33,0),MATCH($E26,TABELE!$B$22:$P$22,0))),0)} -> 0 | U26: {=IFERROR(IF($C26="",0,$O26*$D26*INDEX(TABELE!$B$37:$P$47,MATCH($F26,TABELE!$A$37:$A$47,0),MATCH($E26,TABELE!$B$36:$P$36,0))),0)} -> 0 | V26: {=IFERROR(IF($C26="",0,$O26*$D26*INDEX(TABELE!$B$51:$P$61,MATCH($F26,TABELE!$A$51:$A$61,0),MATCH($E26,TABELE!$B$50:$P$50,0))),0)} -> 0 | W26: {=IFERROR(INDEX(BAZA_UWAGI,MATCH($C26,BAZA_EX,0)),"")} | X26: =IF($A26="","",$Z26) -> 3 | Y26: =IF($A26="",$Y25,LEFT($A26,1)) -> C | Z26: =IF($A26="",$Z25,IF(LEFT($A26,1)=$Y25,$Z25,$Z25+1)) -> 3 | AB26: =IF($C26="","",IF($H26<>"",$H26,IF($H$35="✓ ukończony","OK",""))) | AC26: 1 | AD26: =IF(OR($Q26="masa ciała",$Q26="czas",$Q26="dystans",$Q26="ręczne ustawienie"),MAX(-3,MIN(3,ROUND(($AC26-1)/0.05,0))),0) -> 0
A27: C2. | D27: 3 | E27: =IF($C27="",0,MIN(15,MAX(1,IF(N($O27)>=1,6,IF(N($O27)>=0.75,IF(PRZEL_CZESC="część 1 (objętość)",8,6),IF(PRZEL_CZESC="część 1 (objętość)",10,8)))+0+$AD27))) -> 0 | F27: 9 | G27: =IF($C27="","",IF(OR($Q27="masa ciała",$Q27="czas",$Q27="dystans",$Q27="ręczne ustawienie"),$Q27,IF(OR($R27="",$R27=0),"— brak 1RM",MROUND($R27*$S27/100,MAX($P27,0.5))))) | I27: {=IFERROR(IF(IFERROR(INDEX(BAZA_FILM,MATCH($C27,BAZA_EX,0)),"")="","",HYPERLINK(IFERROR(INDEX(BAZA_FILM,MATCH($C27,BAZA_EX,0)),""),"film")),"")} | K27: D2-S05 | L27: {=IFERROR(INDEX(BAZA_ID,MATCH($C27,BAZA_EX,0)),"")} | M27: {=IFERROR(INDEX(BAZA_PART,MATCH($C27,BAZA_EX,0)),"")} | N27: {=IFERROR(INDEX(BAZA_KAT,MATCH($C27,BAZA_EX,0)),"")} | O27: {=IFERROR(INDEX(BAZA_COEFF,MATCH($C27,BAZA_EX,0)),"")} | P27: {=IFERROR(INDEX(BAZA_SKOK,MATCH($C27,BAZA_EX,0)),"")} | Q27: {=IFERROR(INDEX(BAZA_PROG,MATCH($C27,BAZA_EX,0)),"")} | R27: =IF($C27="","",IF(SUMPRODUCT((START!$B$6:$B$69=$C27)*(START!$M$6:$M$69>0))=0,"",SUMPRODUCT(MAX((START!$B$6:$B$69=$C27)*START!$M$6:$M$69)))) | S27: {=IFERROR(INDEX(TABELE!$B$4:$J$18,MATCH($E27,TABELE!$A$4:$A$18,0),MATCH($F27,TABELE!$B$3:$J$3,0)),"")} | T27: {=IFERROR(IF($C27="",0,$O27*$D27*INDEX(TABELE!$B$23:$P$33,MATCH($F27,TABELE!$A$23:$A$33,0),MATCH($E27,TABELE!$B$22:$P$22,0))),0)} -> 0 | U27: {=IFERROR(IF($C27="",0,$O27*$D27*INDEX(TABELE!$B$37:$P$47,MATCH($F27,TABELE!$A$37:$A$47,0),MATCH($E27,TABELE!$B$36:$P$36,0))),0)} -> 0 | V27: {=IFERROR(IF($C27="",0,$O27*$D27*INDEX(TABELE!$B$51:$P$61,MATCH($F27,TABELE!$A$51:$A$61,0),MATCH($E27,TABELE!$B$50:$P$50,0))),0)} -> 0 | W27: {=IFERROR(INDEX(BAZA_UWAGI,MATCH($C27,BAZA_EX,0)),"")} | X27: =IF($A27="","",$Z27) -> 3 | Y27: =IF($A27="",$Y26,LEFT($A27,1)) -> C | Z27: =IF($A27="",$Z26,IF(LEFT($A27,1)=$Y26,$Z26,$Z26+1)) -> 3 | AB27: =IF($C27="","",IF($H27<>"",$H27,IF($H$35="✓ ukończony","OK",""))) | AC27: 1 | AD27: =IF(OR($Q27="masa ciała",$Q27="czas",$Q27="dystans",$Q27="ręczne ustawienie"),MAX(-3,MIN(3,ROUND(($AC27-1)/0.05,0))),0) -> 0
A28: D1. | D28: 3 | E28: =IF($C28="",0,MIN(15,MAX(1,IF(N($O28)>=1,6,IF(N($O28)>=0.75,IF(PRZEL_CZESC="część 1 (objętość)",8,6),IF(PRZEL_CZESC="część 1 (objętość)",10,8)))+0+$AD28))) -> 0 | F28: 8 | G28: =IF($C28="","",IF(OR($Q28="masa ciała",$Q28="czas",$Q28="dystans",$Q28="ręczne ustawienie"),$Q28,IF(OR($R28="",$R28=0),"— brak 1RM",MROUND($R28*$S28/100,MAX($P28,0.5))))) | I28: {=IFERROR(IF(IFERROR(INDEX(BAZA_FILM,MATCH($C28,BAZA_EX,0)),"")="","",HYPERLINK(IFERROR(INDEX(BAZA_FILM,MATCH($C28,BAZA_EX,0)),""),"film")),"")} | K28: D2-S06 | L28: {=IFERROR(INDEX(BAZA_ID,MATCH($C28,BAZA_EX,0)),"")} | M28: {=IFERROR(INDEX(BAZA_PART,MATCH($C28,BAZA_EX,0)),"")} | N28: {=IFERROR(INDEX(BAZA_KAT,MATCH($C28,BAZA_EX,0)),"")} | O28: {=IFERROR(INDEX(BAZA_COEFF,MATCH($C28,BAZA_EX,0)),"")} | P28: {=IFERROR(INDEX(BAZA_SKOK,MATCH($C28,BAZA_EX,0)),"")} | Q28: {=IFERROR(INDEX(BAZA_PROG,MATCH($C28,BAZA_EX,0)),"")} | R28: =IF($C28="","",IF(SUMPRODUCT((START!$B$6:$B$69=$C28)*(START!$M$6:$M$69>0))=0,"",SUMPRODUCT(MAX((START!$B$6:$B$69=$C28)*START!$M$6:$M$69)))) | S28: {=IFERROR(INDEX(TABELE!$B$4:$J$18,MATCH($E28,TABELE!$A$4:$A$18,0),MATCH($F28,TABELE!$B$3:$J$3,0)),"")} | T28: {=IFERROR(IF($C28="",0,$O28*$D28*INDEX(TABELE!$B$23:$P$33,MATCH($F28,TABELE!$A$23:$A$33,0),MATCH($E28,TABELE!$B$22:$P$22,0))),0)} -> 0 | U28: {=IFERROR(IF($C28="",0,$O28*$D28*INDEX(TABELE!$B$37:$P$47,MATCH($F28,TABELE!$A$37:$A$47,0),MATCH($E28,TABELE!$B$36:$P$36,0))),0)} -> 0 | V28: {=IFERROR(IF($C28="",0,$O28*$D28*INDEX(TABELE!$B$51:$P$61,MATCH($F28,TABELE!$A$51:$A$61,0),MATCH($E28,TABELE!$B$50:$P$50,0))),0)} -> 0 | W28: {=IFERROR(INDEX(BAZA_UWAGI,MATCH($C28,BAZA_EX,0)),"")} | X28: =IF($A28="","",$Z28) -> 4 | Y28: =IF($A28="",$Y27,LEFT($A28,1)) -> D | Z28: =IF($A28="",$Z27,IF(LEFT($A28,1)=$Y27,$Z27,$Z27+1)) -> 4 | AB28: =IF($C28="","",IF($H28<>"",$H28,IF($H$35="✓ ukończony","OK",""))) | AC28: 1 | AD28: =IF(OR($Q28="masa ciała",$Q28="czas",$Q28="dystans",$Q28="ręczne ustawienie"),MAX(-3,MIN(3,ROUND(($AC28-1)/0.05,0))),0) -> 0
A29: D2. | D29: 3 | E29: =IF($C29="",0,MIN(15,MAX(1,IF(N($O29)>=1,6,IF(N($O29)>=0.75,IF(PRZEL_CZESC="część 1 (objętość)",8,6),IF(PRZEL_CZESC="część 1 (objętość)",10,8)))+0+$AD29))) -> 0 | F29: 9 | G29: =IF($C29="","",IF(OR($Q29="masa ciała",$Q29="czas",$Q29="dystans",$Q29="ręczne ustawienie"),$Q29,IF(OR($R29="",$R29=0),"— brak 1RM",MROUND($R29*$S29/100,MAX($P29,0.5))))) | I29: {=IFERROR(IF(IFERROR(INDEX(BAZA_FILM,MATCH($C29,BAZA_EX,0)),"")="","",HYPERLINK(IFERROR(INDEX(BAZA_FILM,MATCH($C29,BAZA_EX,0)),""),"film")),"")} | K29: D2-S07 | L29: {=IFERROR(INDEX(BAZA_ID,MATCH($C29,BAZA_EX,0)),"")} | M29: {=IFERROR(INDEX(BAZA_PART,MATCH($C29,BAZA_EX,0)),"")} | N29: {=IFERROR(INDEX(BAZA_KAT,MATCH($C29,BAZA_EX,0)),"")} | O29: {=IFERROR(INDEX(BAZA_COEFF,MATCH($C29,BAZA_EX,0)),"")} | P29: {=IFERROR(INDEX(BAZA_SKOK,MATCH($C29,BAZA_EX,0)),"")} | Q29: {=IFERROR(INDEX(BAZA_PROG,MATCH($C29,BAZA_EX,0)),"")} | R29: =IF($C29="","",IF(SUMPRODUCT((START!$B$6:$B$69=$C29)*(START!$M$6:$M$69>0))=0,"",SUMPRODUCT(MAX((START!$B$6:$B$69=$C29)*START!$M$6:$M$69)))) | S29: {=IFERROR(INDEX(TABELE!$B$4:$J$18,MATCH($E29,TABELE!$A$4:$A$18,0),MATCH($F29,TABELE!$B$3:$J$3,0)),"")} | T29: {=IFERROR(IF($C29="",0,$O29*$D29*INDEX(TABELE!$B$23:$P$33,MATCH($F29,TABELE!$A$23:$A$33,0),MATCH($E29,TABELE!$B$22:$P$22,0))),0)} -> 0 | U29: {=IFERROR(IF($C29="",0,$O29*$D29*INDEX(TABELE!$B$37:$P$47,MATCH($F29,TABELE!$A$37:$A$47,0),MATCH($E29,TABELE!$B$36:$P$36,0))),0)} -> 0 | V29: {=IFERROR(IF($C29="",0,$O29*$D29*INDEX(TABELE!$B$51:$P$61,MATCH($F29,TABELE!$A$51:$A$61,0),MATCH($E29,TABELE!$B$50:$P$50,0))),0)} -> 0 | W29: {=IFERROR(INDEX(BAZA_UWAGI,MATCH($C29,BAZA_EX,0)),"")} | X29: =IF($A29="","",$Z29) -> 4 | Y29: =IF($A29="",$Y28,LEFT($A29,1)) -> D | Z29: =IF($A29="",$Z28,IF(LEFT($A29,1)=$Y28,$Z28,$Z28+1)) -> 4 | AB29: =IF($C29="","",IF($H29<>"",$H29,IF($H$35="✓ ukończony","OK",""))) | AC29: 1 | AD29: =IF(OR($Q29="masa ciała",$Q29="czas",$Q29="dystans",$Q29="ręczne ustawienie"),MAX(-3,MIN(3,ROUND(($AC29-1)/0.05,0))),0) -> 0
A30: E1. | E30: =IF($C30="",0,MIN(15,MAX(1,IF(N($O30)>=1,6,IF(N($O30)>=0.75,IF(PRZEL_CZESC="część 1 (objętość)",8,6),IF(PRZEL_CZESC="część 1 (objętość)",10,8)))+0+$AD30))) -> 0 | G30: =IF($C30="","",IF(OR($Q30="masa ciała",$Q30="czas",$Q30="dystans",$Q30="ręczne ustawienie"),$Q30,IF(OR($R30="",$R30=0),"— brak 1RM",MROUND($R30*$S30/100,MAX($P30,0.5))))) | I30: {=IFERROR(IF(IFERROR(INDEX(BAZA_FILM,MATCH($C30,BAZA_EX,0)),"")="","",HYPERLINK(IFERROR(INDEX(BAZA_FILM,MATCH($C30,BAZA_EX,0)),""),"film")),"")} | K30: D2-S08 | L30: {=IFERROR(INDEX(BAZA_ID,MATCH($C30,BAZA_EX,0)),"")} | M30: {=IFERROR(INDEX(BAZA_PART,MATCH($C30,BAZA_EX,0)),"")} | N30: {=IFERROR(INDEX(BAZA_KAT,MATCH($C30,BAZA_EX,0)),"")} | O30: {=IFERROR(INDEX(BAZA_COEFF,MATCH($C30,BAZA_EX,0)),"")} | P30: {=IFERROR(INDEX(BAZA_SKOK,MATCH($C30,BAZA_EX,0)),"")} | Q30: {=IFERROR(INDEX(BAZA_PROG,MATCH($C30,BAZA_EX,0)),"")} | R30: =IF($C30="","",IF(SUMPRODUCT((START!$B$6:$B$69=$C30)*(START!$M$6:$M$69>0))=0,"",SUMPRODUCT(MAX((START!$B$6:$B$69=$C30)*START!$M$6:$M$69)))) | S30: {=IFERROR(INDEX(TABELE!$B$4:$J$18,MATCH($E30,TABELE!$A$4:$A$18,0),MATCH($F30,TABELE!$B$3:$J$3,0)),"")} | T30: {=IFERROR(IF($C30="",0,$O30*$D30*INDEX(TABELE!$B$23:$P$33,MATCH($F30,TABELE!$A$23:$A$33,0),MATCH($E30,TABELE!$B$22:$P$22,0))),0)} -> 0 | U30: {=IFERROR(IF($C30="",0,$O30*$D30*INDEX(TABELE!$B$37:$P$47,MATCH($F30,TABELE!$A$37:$A$47,0),MATCH($E30,TABELE!$B$36:$P$36,0))),0)} -> 0 | V30: {=IFERROR(IF($C30="",0,$O30*$D30*INDEX(TABELE!$B$51:$P$61,MATCH($F30,TABELE!$A$51:$A$61,0),MATCH($E30,TABELE!$B$50:$P$50,0))),0)} -> 0 | W30: {=IFERROR(INDEX(BAZA_UWAGI,MATCH($C30,BAZA_EX,0)),"")} | X30: =IF($A30="","",$Z30) -> 5 | Y30: =IF($A30="",$Y29,LEFT($A30,1)) -> E | Z30: =IF($A30="",$Z29,IF(LEFT($A30,1)=$Y29,$Z29,$Z29+1)) -> 5 | AB30: =IF($C30="","",IF($H30<>"",$H30,IF($H$35="✓ ukończony","OK",""))) | AC30: 1 | AD30: =IF(OR($Q30="masa ciała",$Q30="czas",$Q30="dystans",$Q30="ręczne ustawienie"),MAX(-3,MIN(3,ROUND(($AC30-1)/0.05,0))),0) -> 0
A31: E2. | E31: =IF($C31="",0,MIN(15,MAX(1,IF(N($O31)>=1,6,IF(N($O31)>=0.75,IF(PRZEL_CZESC="część 1 (objętość)",8,6),IF(PRZEL_CZESC="część 1 (objętość)",10,8)))+0+$AD31))) -> 0 | G31: =IF($C31="","",IF(OR($Q31="masa ciała",$Q31="czas",$Q31="dystans",$Q31="ręczne ustawienie"),$Q31,IF(OR($R31="",$R31=0),"— brak 1RM",MROUND($R31*$S31/100,MAX($P31,0.5))))) | I31: {=IFERROR(IF(IFERROR(INDEX(BAZA_FILM,MATCH($C31,BAZA_EX,0)),"")="","",HYPERLINK(IFERROR(INDEX(BAZA_FILM,MATCH($C31,BAZA_EX,0)),""),"film")),"")} | K31: D2-S09 | L31: {=IFERROR(INDEX(BAZA_ID,MATCH($C31,BAZA_EX,0)),"")} | M31: {=IFERROR(INDEX(BAZA_PART,MATCH($C31,BAZA_EX,0)),"")} | N31: {=IFERROR(INDEX(BAZA_KAT,MATCH($C31,BAZA_EX,0)),"")} | O31: {=IFERROR(INDEX(BAZA_COEFF,MATCH($C31,BAZA_EX,0)),"")} | P31: {=IFERROR(INDEX(BAZA_SKOK,MATCH($C31,BAZA_EX,0)),"")} | Q31: {=IFERROR(INDEX(BAZA_PROG,MATCH($C31,BAZA_EX,0)),"")} | R31: =IF($C31="","",IF(SUMPRODUCT((START!$B$6:$B$69=$C31)*(START!$M$6:$M$69>0))=0,"",SUMPRODUCT(MAX((START!$B$6:$B$69=$C31)*START!$M$6:$M$69)))) | S31: {=IFERROR(INDEX(TABELE!$B$4:$J$18,MATCH($E31,TABELE!$A$4:$A$18,0),MATCH($F31,TABELE!$B$3:$J$3,0)),"")} | T31: {=IFERROR(IF($C31="",0,$O31*$D31*INDEX(TABELE!$B$23:$P$33,MATCH($F31,TABELE!$A$23:$A$33,0),MATCH($E31,TABELE!$B$22:$P$22,0))),0)} -> 0 | U31: {=IFERROR(IF($C31="",0,$O31*$D31*INDEX(TABELE!$B$37:$P$47,MATCH($F31,TABELE!$A$37:$A$47,0),MATCH($E31,TABELE!$B$36:$P$36,0))),0)} -> 0 | V31: {=IFERROR(IF($C31="",0,$O31*$D31*INDEX(TABELE!$B$51:$P$61,MATCH($F31,TABELE!$A$51:$A$61,0),MATCH($E31,TABELE!$B$50:$P$50,0))),0)} -> 0 | W31: {=IFERROR(INDEX(BAZA_UWAGI,MATCH($C31,BAZA_EX,0)),"")} | X31: =IF($A31="","",$Z31) -> 5 | Y31: =IF($A31="",$Y30,LEFT($A31,1)) -> E | Z31: =IF($A31="",$Z30,IF(LEFT($A31,1)=$Y30,$Z30,$Z30+1)) -> 5 | AB31: =IF($C31="","",IF($H31<>"",$H31,IF($H$35="✓ ukończony","OK",""))) | AC31: 1 | AD31: =IF(OR($Q31="masa ciała",$Q31="czas",$Q31="dystans",$Q31="ręczne ustawienie"),MAX(-3,MIN(3,ROUND(($AC31-1)/0.05,0))),0) -> 0
E32: =IF($C32="",0,MIN(15,MAX(1,IF(N($O32)>=1,6,IF(N($O32)>=0.75,IF(PRZEL_CZESC="część 1 (objętość)",8,6),IF(PRZEL_CZESC="część 1 (objętość)",10,8)))+0+$AD32))) -> 0 | G32: =IF($C32="","",IF(OR($Q32="masa ciała",$Q32="czas",$Q32="dystans",$Q32="ręczne ustawienie"),$Q32,IF(OR($R32="",$R32=0),"— brak 1RM",MROUND($R32*$S32/100,MAX($P32,0.5))))) | I32: {=IFERROR(IF(IFERROR(INDEX(BAZA_FILM,MATCH($C32,BAZA_EX,0)),"")="","",HYPERLINK(IFERROR(INDEX(BAZA_FILM,MATCH($C32,BAZA_EX,0)),""),"film")),"")} | K32: D2-S10 | L32: {=IFERROR(INDEX(BAZA_ID,MATCH($C32,BAZA_EX,0)),"")} | M32: {=IFERROR(INDEX(BAZA_PART,MATCH($C32,BAZA_EX,0)),"")} | N32: {=IFERROR(INDEX(BAZA_KAT,MATCH($C32,BAZA_EX,0)),"")} | O32: {=IFERROR(INDEX(BAZA_COEFF,MATCH($C32,BAZA_EX,0)),"")} | P32: {=IFERROR(INDEX(BAZA_SKOK,MATCH($C32,BAZA_EX,0)),"")} | Q32: {=IFERROR(INDEX(BAZA_PROG,MATCH($C32,BAZA_EX,0)),"")} | R32: =IF($C32="","",IF(SUMPRODUCT((START!$B$6:$B$69=$C32)*(START!$M$6:$M$69>0))=0,"",SUMPRODUCT(MAX((START!$B$6:$B$69=$C32)*START!$M$6:$M$69)))) | S32: {=IFERROR(INDEX(TABELE!$B$4:$J$18,MATCH($E32,TABELE!$A$4:$A$18,0),MATCH($F32,TABELE!$B$3:$J$3,0)),"")} | T32: {=IFERROR(IF($C32="",0,$O32*$D32*INDEX(TABELE!$B$23:$P$33,MATCH($F32,TABELE!$A$23:$A$33,0),MATCH($E32,TABELE!$B$22:$P$22,0))),0)} -> 0 | U32: {=IFERROR(IF($C32="",0,$O32*$D32*INDEX(TABELE!$B$37:$P$47,MATCH($F32,TABELE!$A$37:$A$47,0),MATCH($E32,TABELE!$B$36:$P$36,0))),0)} -> 0 | V32: {=IFERROR(IF($C32="",0,$O32*$D32*INDEX(TABELE!$B$51:$P$61,MATCH($F32,TABELE!$A$51:$A$61,0),MATCH($E32,TABELE!$B$50:$P$50,0))),0)} -> 0 | W32: {=IFERROR(INDEX(BAZA_UWAGI,MATCH($C32,BAZA_EX,0)),"")} | X32: =IF($A32="","",$Z32) | Y32: =IF($A32="",$Y31,LEFT($A32,1)) -> E | Z32: =IF($A32="",$Z31,IF(LEFT($A32,1)=$Y31,$Z31,$Z31+1)) -> 5 | AB32: =IF($C32="","",IF($H32<>"",$H32,IF($H$35="✓ ukończony","OK",""))) | AC32: 1 | AD32: =IF(OR($Q32="masa ciała",$Q32="czas",$Q32="dystans",$Q32="ręczne ustawienie"),MAX(-3,MIN(3,ROUND(($AC32-1)/0.05,0))),0) -> 0
E33: =IF($C33="",0,MIN(15,MAX(1,IF(N($O33)>=1,6,IF(N($O33)>=0.75,IF(PRZEL_CZESC="część 1 (objętość)",8,6),IF(PRZEL_CZESC="część 1 (objętość)",10,8)))+0+$AD33))) -> 0 | G33: =IF($C33="","",IF(OR($Q33="masa ciała",$Q33="czas",$Q33="dystans",$Q33="ręczne ustawienie"),$Q33,IF(OR($R33="",$R33=0),"— brak 1RM",MROUND($R33*$S33/100,MAX($P33,0.5))))) | I33: {=IFERROR(IF(IFERROR(INDEX(BAZA_FILM,MATCH($C33,BAZA_EX,0)),"")="","",HYPERLINK(IFERROR(INDEX(BAZA_FILM,MATCH($C33,BAZA_EX,0)),""),"film")),"")} | K33: D2-S11 | L33: {=IFERROR(INDEX(BAZA_ID,MATCH($C33,BAZA_EX,0)),"")} | M33: {=IFERROR(INDEX(BAZA_PART,MATCH($C33,BAZA_EX,0)),"")} | N33: {=IFERROR(INDEX(BAZA_KAT,MATCH($C33,BAZA_EX,0)),"")} | O33: {=IFERROR(INDEX(BAZA_COEFF,MATCH($C33,BAZA_EX,0)),"")} | P33: {=IFERROR(INDEX(BAZA_SKOK,MATCH($C33,BAZA_EX,0)),"")} | Q33: {=IFERROR(INDEX(BAZA_PROG,MATCH($C33,BAZA_EX,0)),"")} | R33: =IF($C33="","",IF(SUMPRODUCT((START!$B$6:$B$69=$C33)*(START!$M$6:$M$69>0))=0,"",SUMPRODUCT(MAX((START!$B$6:$B$69=$C33)*START!$M$6:$M$69)))) | S33: {=IFERROR(INDEX(TABELE!$B$4:$J$18,MATCH($E33,TABELE!$A$4:$A$18,0),MATCH($F33,TABELE!$B$3:$J$3,0)),"")} | T33: {=IFERROR(IF($C33="",0,$O33*$D33*INDEX(TABELE!$B$23:$P$33,MATCH($F33,TABELE!$A$23:$A$33,0),MATCH($E33,TABELE!$B$22:$P$22,0))),0)} -> 0 | U33: {=IFERROR(IF($C33="",0,$O33*$D33*INDEX(TABELE!$B$37:$P$47,MATCH($F33,TABELE!$A$37:$A$47,0),MATCH($E33,TABELE!$B$36:$P$36,0))),0)} -> 0 | V33: {=IFERROR(IF($C33="",0,$O33*$D33*INDEX(TABELE!$B$51:$P$61,MATCH($F33,TABELE!$A$51:$A$61,0),MATCH($E33,TABELE!$B$50:$P$50,0))),0)} -> 0 | W33: {=IFERROR(INDEX(BAZA_UWAGI,MATCH($C33,BAZA_EX,0)),"")} | X33: =IF($A33="","",$Z33) | Y33: =IF($A33="",$Y32,LEFT($A33,1)) -> E | Z33: =IF($A33="",$Z32,IF(LEFT($A33,1)=$Y32,$Z32,$Z32+1)) -> 5 | AB33: =IF($C33="","",IF($H33<>"",$H33,IF($H$35="✓ ukończony","OK",""))) | AC33: 1 | AD33: =IF(OR($Q33="masa ciała",$Q33="czas",$Q33="dystans",$Q33="ręczne ustawienie"),MAX(-3,MIN(3,ROUND(($AC33-1)/0.05,0))),0) -> 0
E34: =IF($C34="",0,MIN(15,MAX(1,IF(N($O34)>=1,6,IF(N($O34)>=0.75,IF(PRZEL_CZESC="część 1 (objętość)",8,6),IF(PRZEL_CZESC="część 1 (objętość)",10,8)))+0+$AD34))) -> 0 | G34: =IF($C34="","",IF(OR($Q34="masa ciała",$Q34="czas",$Q34="dystans",$Q34="ręczne ustawienie"),$Q34,IF(OR($R34="",$R34=0),"— brak 1RM",MROUND($R34*$S34/100,MAX($P34,0.5))))) | I34: {=IFERROR(IF(IFERROR(INDEX(BAZA_FILM,MATCH($C34,BAZA_EX,0)),"")="","",HYPERLINK(IFERROR(INDEX(BAZA_FILM,MATCH($C34,BAZA_EX,0)),""),"film")),"")} | K34: D2-S12 | L34: {=IFERROR(INDEX(BAZA_ID,MATCH($C34,BAZA_EX,0)),"")} | M34: {=IFERROR(INDEX(BAZA_PART,MATCH($C34,BAZA_EX,0)),"")} | N34: {=IFERROR(INDEX(BAZA_KAT,MATCH($C34,BAZA_EX,0)),"")} | O34: {=IFERROR(INDEX(BAZA_COEFF,MATCH($C34,BAZA_EX,0)),"")} | P34: {=IFERROR(INDEX(BAZA_SKOK,MATCH($C34,BAZA_EX,0)),"")} | Q34: {=IFERROR(INDEX(BAZA_PROG,MATCH($C34,BAZA_EX,0)),"")} | R34: =IF($C34="","",IF(SUMPRODUCT((START!$B$6:$B$69=$C34)*(START!$M$6:$M$69>0))=0,"",SUMPRODUCT(MAX((START!$B$6:$B$69=$C34)*START!$M$6:$M$69)))) | S34: {=IFERROR(INDEX(TABELE!$B$4:$J$18,MATCH($E34,TABELE!$A$4:$A$18,0),MATCH($F34,TABELE!$B$3:$J$3,0)),"")} | T34: {=IFERROR(IF($C34="",0,$O34*$D34*INDEX(TABELE!$B$23:$P$33,MATCH($F34,TABELE!$A$23:$A$33,0),MATCH($E34,TABELE!$B$22:$P$22,0))),0)} -> 0 | U34: {=IFERROR(IF($C34="",0,$O34*$D34*INDEX(TABELE!$B$37:$P$47,MATCH($F34,TABELE!$A$37:$A$47,0),MATCH($E34,TABELE!$B$36:$P$36,0))),0)} -> 0 | V34: {=IFERROR(IF($C34="",0,$O34*$D34*INDEX(TABELE!$B$51:$P$61,MATCH($F34,TABELE!$A$51:$A$61,0),MATCH($E34,TABELE!$B$50:$P$50,0))),0)} -> 0 | W34: {=IFERROR(INDEX(BAZA_UWAGI,MATCH($C34,BAZA_EX,0)),"")} | X34: =IF($A34="","",$Z34) | Y34: =IF($A34="",$Y33,LEFT($A34,1)) -> E | Z34: =IF($A34="",$Z33,IF(LEFT($A34,1)=$Y33,$Z33,$Z33+1)) -> 5 | AB34: =IF($C34="","",IF($H34<>"",$H34,IF($H$35="✓ ukończony","OK",""))) | AC34: 1 | AD34: =IF(OR($Q34="masa ciała",$Q34="czas",$Q34="dystans",$Q34="ręczne ustawienie"),MAX(-3,MIN(3,ROUND(($AC34-1)/0.05,0))),0) -> 0
C35: Dzień II — razem | D35: =SUMPRODUCT((C23:C34<>"")*D23:D34)+IF(AND($B$22="TOP SET",$C$22<>""),1,0) | E35: =SUMPRODUCT((C23:C34<>"")*D23:D34*E23:E34)&" powt." -> 0 powt. | G35: ="stres t "&TEXT(SUM(T23:T34),"0.0") -> stres t 0,0
A37: DZIEŃ III
A38: =IF($B38="TOP SET","▲","") -> ▲ | B38: TOP SET | C38: =IF(OR($B38<>"TOP SET",$F38=""),"",IF(N($K38)=0,"",IF(INDEX($C$39:$C$50,$K38)="","",INDEX($C$39:$C$50,$K38)))) | D38: =IF(AND($B38="TOP SET",$F38<>""),1,"") | E38: =IF(AND($B38="TOP SET",$F38<>""),"1 powtórzenie","") | F38: 7 | G38: {=IF($B38<>"TOP SET","",IF($C38="","",IF(OR($Q38="masa ciała",$Q38="czas",$Q38="dystans",$Q38="ręczne ustawienie"),"—",IF(OR($R38="",$R38=0),"— brak 1RM",MROUND($R38*IFERROR(INDEX(TABELE!$B$4:$J$18,MATCH(1,TABELE!$A$4:$A$18,0),MATCH($F38,TABELE!$B$3:$J$3,0)),0)/100,MAX($P38,0.5))))))} | K38: =IFERROR(MATCH("A*",$A$39:$A$50,0),0) | P38: =IF(N($K38)=0,"",INDEX($P$39:$P$50,$K38)) | Q38: =IF(N($K38)=0,"",INDEX($Q$39:$Q$50,$K38)) | R38: =IF(N($K38)=0,"",INDEX($R$39:$R$50,$K38))
A39: A1. | D39: 6 | E39: 6 | F39: 6.5 | G39: =IF($C39="","",IF(OR($Q39="masa ciała",$Q39="czas",$Q39="dystans",$Q39="ręczne ustawienie"),$Q39,IF(OR($R39="",$R39=0),"— brak 1RM",MROUND($R39*$S39/100,MAX($P39,0.5))))) | I39: {=IFERROR(IF(IFERROR(INDEX(BAZA_FILM,MATCH($C39,BAZA_EX,0)),"")="","",HYPERLINK(IFERROR(INDEX(BAZA_FILM,MATCH($C39,BAZA_EX,0)),""),"film")),"")} | K39: D3-S01 | L39: {=IFERROR(INDEX(BAZA_ID,MATCH($C39,BAZA_EX,0)),"")} | M39: {=IFERROR(INDEX(BAZA_PART,MATCH($C39,BAZA_EX,0)),"")} | N39: {=IFERROR(INDEX(BAZA_KAT,MATCH($C39,BAZA_EX,0)),"")} | O39: {=IFERROR(INDEX(BAZA_COEFF,MATCH($C39,BAZA_EX,0)),"")} | P39: {=IFERROR(INDEX(BAZA_SKOK,MATCH($C39,BAZA_EX,0)),"")} | Q39: {=IFERROR(INDEX(BAZA_PROG,MATCH($C39,BAZA_EX,0)),"")} | R39: =IF($C39="","",IF(SUMPRODUCT((START!$B$6:$B$69=$C39)*(START!$M$6:$M$69>0))=0,"",SUMPRODUCT(MAX((START!$B$6:$B$69=$C39)*START!$M$6:$M$69)))) | S39: {=IFERROR(INDEX(TABELE!$B$4:$J$18,MATCH($E39,TABELE!$A$4:$A$18,0),MATCH($F39,TABELE!$B$3:$J$3,0)),"")} -> 69.5 | T39: {=IFERROR(IF($C39="",0,$O39*$D39*INDEX(TABELE!$B$23:$P$33,MATCH($F39,TABELE!$A$23:$A$33,0),MATCH($E39,TABELE!$B$22:$P$22,0))),0)} -> 0 | U39: {=IFERROR(IF($C39="",0,$O39*$D39*INDEX(TABELE!$B$37:$P$47,MATCH($F39,TABELE!$A$37:$A$47,0),MATCH($E39,TABELE!$B$36:$P$36,0))),0)} -> 0 | V39: {=IFERROR(IF($C39="",0,$O39*$D39*INDEX(TABELE!$B$51:$P$61,MATCH($F39,TABELE!$A$51:$A$61,0),MATCH($E39,TABELE!$B$50:$P$50,0))),0)} -> 0 | W39: {=IFERROR(INDEX(BAZA_UWAGI,MATCH($C39,BAZA_EX,0)),"")} | X39: =IF($A39="","",$Z39) -> 1 | Y39: =IF($A39="","",LEFT($A39,1)) -> A | Z39: =IF($A39="",0,1) -> 1 | AB39: =IF($C39="","",IF($H39<>"",$H39,IF($H$51="✓ ukończony","OK",""))) | AC39: 1 | AD39: =IF(OR($Q39="masa ciała",$Q39="czas",$Q39="dystans",$Q39="ręczne ustawienie"),MAX(-3,MIN(3,ROUND(($AC39-1)/0.05,0))),0) -> 0
A40: B1. | D40: 3 | E40: =IF($C40="",0,MIN(15,MAX(1,IF(N($O40)>=1,6,IF(N($O40)>=0.75,IF(PRZEL_CZESC="część 1 (objętość)",8,6),IF(PRZEL_CZESC="część 1 (objętość)",10,8)))+0+$AD40))) -> 0 | F40: 8 | G40: =IF($C40="","",IF(OR($Q40="masa ciała",$Q40="czas",$Q40="dystans",$Q40="ręczne ustawienie"),$Q40,IF(OR($R40="",$R40=0),"— brak 1RM",MROUND($R40*$S40/100,MAX($P40,0.5))))) | I40: {=IFERROR(IF(IFERROR(INDEX(BAZA_FILM,MATCH($C40,BAZA_EX,0)),"")="","",HYPERLINK(IFERROR(INDEX(BAZA_FILM,MATCH($C40,BAZA_EX,0)),""),"film")),"")} | K40: D3-S02 | L40: {=IFERROR(INDEX(BAZA_ID,MATCH($C40,BAZA_EX,0)),"")} | M40: {=IFERROR(INDEX(BAZA_PART,MATCH($C40,BAZA_EX,0)),"")} | N40: {=IFERROR(INDEX(BAZA_KAT,MATCH($C40,BAZA_EX,0)),"")} | O40: {=IFERROR(INDEX(BAZA_COEFF,MATCH($C40,BAZA_EX,0)),"")} | P40: {=IFERROR(INDEX(BAZA_SKOK,MATCH($C40,BAZA_EX,0)),"")} | Q40: {=IFERROR(INDEX(BAZA_PROG,MATCH($C40,BAZA_EX,0)),"")} | R40: =IF($C40="","",IF(SUMPRODUCT((START!$B$6:$B$69=$C40)*(START!$M$6:$M$69>0))=0,"",SUMPRODUCT(MAX((START!$B$6:$B$69=$C40)*START!$M$6:$M$69)))) | S40: {=IFERROR(INDEX(TABELE!$B$4:$J$18,MATCH($E40,TABELE!$A$4:$A$18,0),MATCH($F40,TABELE!$B$3:$J$3,0)),"")} | T40: {=IFERROR(IF($C40="",0,$O40*$D40*INDEX(TABELE!$B$23:$P$33,MATCH($F40,TABELE!$A$23:$A$33,0),MATCH($E40,TABELE!$B$22:$P$22,0))),0)} -> 0 | U40: {=IFERROR(IF($C40="",0,$O40*$D40*INDEX(TABELE!$B$37:$P$47,MATCH($F40,TABELE!$A$37:$A$47,0),MATCH($E40,TABELE!$B$36:$P$36,0))),0)} -> 0 | V40: {=IFERROR(IF($C40="",0,$O40*$D40*INDEX(TABELE!$B$51:$P$61,MATCH($F40,TABELE!$A$51:$A$61,0),MATCH($E40,TABELE!$B$50:$P$50,0))),0)} -> 0 | W40: {=IFERROR(INDEX(BAZA_UWAGI,MATCH($C40,BAZA_EX,0)),"")} | X40: =IF($A40="","",$Z40) -> 2 | Y40: =IF($A40="",$Y39,LEFT($A40,1)) -> B | Z40: =IF($A40="",$Z39,IF(LEFT($A40,1)=$Y39,$Z39,$Z39+1)) -> 2 | AB40: =IF($C40="","",IF($H40<>"",$H40,IF($H$51="✓ ukończony","OK",""))) | AC40: 1 | AD40: =IF(OR($Q40="masa ciała",$Q40="czas",$Q40="dystans",$Q40="ręczne ustawienie"),MAX(-3,MIN(3,ROUND(($AC40-1)/0.05,0))),0) -> 0
A41: B2. | D41: 3 | E41: =IF($C41="",0,MIN(15,MAX(1,IF(N($O41)>=1,6,IF(N($O41)>=0.75,IF(PRZEL_CZESC="część 1 (objętość)",8,6),IF(PRZEL_CZESC="część 1 (objętość)",10,8)))+0+$AD41))) -> 0 | F41: 8 | G41: =IF($C41="","",IF(OR($Q41="masa ciała",$Q41="czas",$Q41="dystans",$Q41="ręczne ustawienie"),$Q41,IF(OR($R41="",$R41=0),"— brak 1RM",MROUND($R41*$S41/100,MAX($P41,0.5))))) | I41: {=IFERROR(IF(IFERROR(INDEX(BAZA_FILM,MATCH($C41,BAZA_EX,0)),"")="","",HYPERLINK(IFERROR(INDEX(BAZA_FILM,MATCH($C41,BAZA_EX,0)),""),"film")),"")} | K41: D3-S03 | L41: {=IFERROR(INDEX(BAZA_ID,MATCH($C41,BAZA_EX,0)),"")} | M41: {=IFERROR(INDEX(BAZA_PART,MATCH($C41,BAZA_EX,0)),"")} | N41: {=IFERROR(INDEX(BAZA_KAT,MATCH($C41,BAZA_EX,0)),"")} | O41: {=IFERROR(INDEX(BAZA_COEFF,MATCH($C41,BAZA_EX,0)),"")} | P41: {=IFERROR(INDEX(BAZA_SKOK,MATCH($C41,BAZA_EX,0)),"")} | Q41: {=IFERROR(INDEX(BAZA_PROG,MATCH($C41,BAZA_EX,0)),"")} | R41: =IF($C41="","",IF(SUMPRODUCT((START!$B$6:$B$69=$C41)*(START!$M$6:$M$69>0))=0,"",SUMPRODUCT(MAX((START!$B$6:$B$69=$C41)*START!$M$6:$M$69)))) | S41: {=IFERROR(INDEX(TABELE!$B$4:$J$18,MATCH($E41,TABELE!$A$4:$A$18,0),MATCH($F41,TABELE!$B$3:$J$3,0)),"")} | T41: {=IFERROR(IF($C41="",0,$O41*$D41*INDEX(TABELE!$B$23:$P$33,MATCH($F41,TABELE!$A$23:$A$33,0),MATCH($E41,TABELE!$B$22:$P$22,0))),0)} -> 0 | U41: {=IFERROR(IF($C41="",0,$O41*$D41*INDEX(TABELE!$B$37:$P$47,MATCH($F41,TABELE!$A$37:$A$47,0),MATCH($E41,TABELE!$B$36:$P$36,0))),0)} -> 0 | V41: {=IFERROR(IF($C41="",0,$O41*$D41*INDEX(TABELE!$B$51:$P$61,MATCH($F41,TABELE!$A$51:$A$61,0),MATCH($E41,TABELE!$B$50:$P$50,0))),0)} -> 0 | W41: {=IFERROR(INDEX(BAZA_UWAGI,MATCH($C41,BAZA_EX,0)),"")} | X41: =IF($A41="","",$Z41) -> 2 | Y41: =IF($A41="",$Y40,LEFT($A41,1)) -> B | Z41: =IF($A41="",$Z40,IF(LEFT($A41,1)=$Y40,$Z40,$Z40+1)) -> 2 | AB41: =IF($C41="","",IF($H41<>"",$H41,IF($H$51="✓ ukończony","OK",""))) | AC41: 1 | AD41: =IF(OR($Q41="masa ciała",$Q41="czas",$Q41="dystans",$Q41="ręczne ustawienie"),MAX(-3,MIN(3,ROUND(($AC41-1)/0.05,0))),0) -> 0
A42: C1. | D42: 3 | E42: =IF($C42="",0,MIN(15,MAX(1,IF(N($O42)>=1,6,IF(N($O42)>=0.75,IF(PRZEL_CZESC="część 1 (objętość)",8,6),IF(PRZEL_CZESC="część 1 (objętość)",10,8)))+0+$AD42))) -> 0 | F42: 8 | G42: =IF($C42="","",IF(OR($Q42="masa ciała",$Q42="czas",$Q42="dystans",$Q42="ręczne ustawienie"),$Q42,IF(OR($R42="",$R42=0),"— brak 1RM",MROUND($R42*$S42/100,MAX($P42,0.5))))) | I42: {=IFERROR(IF(IFERROR(INDEX(BAZA_FILM,MATCH($C42,BAZA_EX,0)),"")="","",HYPERLINK(IFERROR(INDEX(BAZA_FILM,MATCH($C42,BAZA_EX,0)),""),"film")),"")} | K42: D3-S04 | L42: {=IFERROR(INDEX(BAZA_ID,MATCH($C42,BAZA_EX,0)),"")} | M42: {=IFERROR(INDEX(BAZA_PART,MATCH($C42,BAZA_EX,0)),"")} | N42: {=IFERROR(INDEX(BAZA_KAT,MATCH($C42,BAZA_EX,0)),"")} | O42: {=IFERROR(INDEX(BAZA_COEFF,MATCH($C42,BAZA_EX,0)),"")} | P42: {=IFERROR(INDEX(BAZA_SKOK,MATCH($C42,BAZA_EX,0)),"")} | Q42: {=IFERROR(INDEX(BAZA_PROG,MATCH($C42,BAZA_EX,0)),"")} | R42: =IF($C42="","",IF(SUMPRODUCT((START!$B$6:$B$69=$C42)*(START!$M$6:$M$69>0))=0,"",SUMPRODUCT(MAX((START!$B$6:$B$69=$C42)*START!$M$6:$M$69)))) | S42: {=IFERROR(INDEX(TABELE!$B$4:$J$18,MATCH($E42,TABELE!$A$4:$A$18,0),MATCH($F42,TABELE!$B$3:$J$3,0)),"")} | T42: {=IFERROR(IF($C42="",0,$O42*$D42*INDEX(TABELE!$B$23:$P$33,MATCH($F42,TABELE!$A$23:$A$33,0),MATCH($E42,TABELE!$B$22:$P$22,0))),0)} -> 0 | U42: {=IFERROR(IF($C42="",0,$O42*$D42*INDEX(TABELE!$B$37:$P$47,MATCH($F42,TABELE!$A$37:$A$47,0),MATCH($E42,TABELE!$B$36:$P$36,0))),0)} -> 0 | V42: {=IFERROR(IF($C42="",0,$O42*$D42*INDEX(TABELE!$B$51:$P$61,MATCH($F42,TABELE!$A$51:$A$61,0),MATCH($E42,TABELE!$B$50:$P$50,0))),0)} -> 0 | W42: {=IFERROR(INDEX(BAZA_UWAGI,MATCH($C42,BAZA_EX,0)),"")} | X42: =IF($A42="","",$Z42) -> 3 | Y42: =IF($A42="",$Y41,LEFT($A42,1)) -> C | Z42: =IF($A42="",$Z41,IF(LEFT($A42,1)=$Y41,$Z41,$Z41+1)) -> 3 | AB42: =IF($C42="","",IF($H42<>"",$H42,IF($H$51="✓ ukończony","OK",""))) | AC42: 1 | AD42: =IF(OR($Q42="masa ciała",$Q42="czas",$Q42="dystans",$Q42="ręczne ustawienie"),MAX(-3,MIN(3,ROUND(($AC42-1)/0.05,0))),0) -> 0
A43: C2. | D43: 3 | E43: =IF($C43="",0,MIN(15,MAX(1,IF(N($O43)>=1,6,IF(N($O43)>=0.75,IF(PRZEL_CZESC="część 1 (objętość)",8,6),IF(PRZEL_CZESC="część 1 (objętość)",10,8)))+0+$AD43))) -> 0 | F43: 9 | G43: =IF($C43="","",IF(OR($Q43="masa ciała",$Q43="czas",$Q43="dystans",$Q43="ręczne ustawienie"),$Q43,IF(OR($R43="",$R43=0),"— brak 1RM",MROUND($R43*$S43/100,MAX($P43,0.5))))) | I43: {=IFERROR(IF(IFERROR(INDEX(BAZA_FILM,MATCH($C43,BAZA_EX,0)),"")="","",HYPERLINK(IFERROR(INDEX(BAZA_FILM,MATCH($C43,BAZA_EX,0)),""),"film")),"")} | K43: D3-S05 | L43: {=IFERROR(INDEX(BAZA_ID,MATCH($C43,BAZA_EX,0)),"")} | M43: {=IFERROR(INDEX(BAZA_PART,MATCH($C43,BAZA_EX,0)),"")} | N43: {=IFERROR(INDEX(BAZA_KAT,MATCH($C43,BAZA_EX,0)),"")} | O43: {=IFERROR(INDEX(BAZA_COEFF,MATCH($C43,BAZA_EX,0)),"")} | P43: {=IFERROR(INDEX(BAZA_SKOK,MATCH($C43,BAZA_EX,0)),"")} | Q43: {=IFERROR(INDEX(BAZA_PROG,MATCH($C43,BAZA_EX,0)),"")} | R43: =IF($C43="","",IF(SUMPRODUCT((START!$B$6:$B$69=$C43)*(START!$M$6:$M$69>0))=0,"",SUMPRODUCT(MAX((START!$B$6:$B$69=$C43)*START!$M$6:$M$69)))) | S43: {=IFERROR(INDEX(TABELE!$B$4:$J$18,MATCH($E43,TABELE!$A$4:$A$18,0),MATCH($F43,TABELE!$B$3:$J$3,0)),"")} | T43: {=IFERROR(IF($C43="",0,$O43*$D43*INDEX(TABELE!$B$23:$P$33,MATCH($F43,TABELE!$A$23:$A$33,0),MATCH($E43,TABELE!$B$22:$P$22,0))),0)} -> 0 | U43: {=IFERROR(IF($C43="",0,$O43*$D43*INDEX(TABELE!$B$37:$P$47,MATCH($F43,TABELE!$A$37:$A$47,0),MATCH($E43,TABELE!$B$36:$P$36,0))),0)} -> 0 | V43: {=IFERROR(IF($C43="",0,$O43*$D43*INDEX(TABELE!$B$51:$P$61,MATCH($F43,TABELE!$A$51:$A$61,0),MATCH($E43,TABELE!$B$50:$P$50,0))),0)} -> 0 | W43: {=IFERROR(INDEX(BAZA_UWAGI,MATCH($C43,BAZA_EX,0)),"")} | X43: =IF($A43="","",$Z43) -> 3 | Y43: =IF($A43="",$Y42,LEFT($A43,1)) -> C | Z43: =IF($A43="",$Z42,IF(LEFT($A43,1)=$Y42,$Z42,$Z42+1)) -> 3 | AB43: =IF($C43="","",IF($H43<>"",$H43,IF($H$51="✓ ukończony","OK",""))) | AC43: 1 | AD43: =IF(OR($Q43="masa ciała",$Q43="czas",$Q43="dystans",$Q43="ręczne ustawienie"),MAX(-3,MIN(3,ROUND(($AC43-1)/0.05,0))),0) -> 0
A44: D1. | D44: 3 | E44: =IF($C44="",0,MIN(15,MAX(1,IF(N($O44)>=1,6,IF(N($O44)>=0.75,IF(PRZEL_CZESC="część 1 (objętość)",8,6),IF(PRZEL_CZESC="część 1 (objętość)",10,8)))+0+$AD44))) -> 0 | F44: 8 | G44: =IF($C44="","",IF(OR($Q44="masa ciała",$Q44="czas",$Q44="dystans",$Q44="ręczne ustawienie"),$Q44,IF(OR($R44="",$R44=0),"— brak 1RM",MROUND($R44*$S44/100,MAX($P44,0.5))))) | I44: {=IFERROR(IF(IFERROR(INDEX(BAZA_FILM,MATCH($C44,BAZA_EX,0)),"")="","",HYPERLINK(IFERROR(INDEX(BAZA_FILM,MATCH($C44,BAZA_EX,0)),""),"film")),"")} | K44: D3-S06 | L44: {=IFERROR(INDEX(BAZA_ID,MATCH($C44,BAZA_EX,0)),"")} | M44: {=IFERROR(INDEX(BAZA_PART,MATCH($C44,BAZA_EX,0)),"")} | N44: {=IFERROR(INDEX(BAZA_KAT,MATCH($C44,BAZA_EX,0)),"")} | O44: {=IFERROR(INDEX(BAZA_COEFF,MATCH($C44,BAZA_EX,0)),"")} | P44: {=IFERROR(INDEX(BAZA_SKOK,MATCH($C44,BAZA_EX,0)),"")} | Q44: {=IFERROR(INDEX(BAZA_PROG,MATCH($C44,BAZA_EX,0)),"")} | R44: =IF($C44="","",IF(SUMPRODUCT((START!$B$6:$B$69=$C44)*(START!$M$6:$M$69>0))=0,"",SUMPRODUCT(MAX((START!$B$6:$B$69=$C44)*START!$M$6:$M$69)))) | S44: {=IFERROR(INDEX(TABELE!$B$4:$J$18,MATCH($E44,TABELE!$A$4:$A$18,0),MATCH($F44,TABELE!$B$3:$J$3,0)),"")} | T44: {=IFERROR(IF($C44="",0,$O44*$D44*INDEX(TABELE!$B$23:$P$33,MATCH($F44,TABELE!$A$23:$A$33,0),MATCH($E44,TABELE!$B$22:$P$22,0))),0)} -> 0 | U44: {=IFERROR(IF($C44="",0,$O44*$D44*INDEX(TABELE!$B$37:$P$47,MATCH($F44,TABELE!$A$37:$A$47,0),MATCH($E44,TABELE!$B$36:$P$36,0))),0)} -> 0 | V44: {=IFERROR(IF($C44="",0,$O44*$D44*INDEX(TABELE!$B$51:$P$61,MATCH($F44,TABELE!$A$51:$A$61,0),MATCH($E44,TABELE!$B$50:$P$50,0))),0)} -> 0 | W44: {=IFERROR(INDEX(BAZA_UWAGI,MATCH($C44,BAZA_EX,0)),"")} | X44: =IF($A44="","",$Z44) -> 4 | Y44: =IF($A44="",$Y43,LEFT($A44,1)) -> D | Z44: =IF($A44="",$Z43,IF(LEFT($A44,1)=$Y43,$Z43,$Z43+1)) -> 4 | AB44: =IF($C44="","",IF($H44<>"",$H44,IF($H$51="✓ ukończony","OK",""))) | AC44: 1 | AD44: =IF(OR($Q44="masa ciała",$Q44="czas",$Q44="dystans",$Q44="ręczne ustawienie"),MAX(-3,MIN(3,ROUND(($AC44-1)/0.05,0))),0) -> 0
A45: D2. | D45: 3 | E45: =IF($C45="",0,MIN(15,MAX(1,IF(N($O45)>=1,6,IF(N($O45)>=0.75,IF(PRZEL_CZESC="część 1 (objętość)",8,6),IF(PRZEL_CZESC="część 1 (objętość)",10,8)))+0+$AD45))) -> 0 | F45: 9 | G45: =IF($C45="","",IF(OR($Q45="masa ciała",$Q45="czas",$Q45="dystans",$Q45="ręczne ustawienie"),$Q45,IF(OR($R45="",$R45=0),"— brak 1RM",MROUND($R45*$S45/100,MAX($P45,0.5))))) | I45: {=IFERROR(IF(IFERROR(INDEX(BAZA_FILM,MATCH($C45,BAZA_EX,0)),"")="","",HYPERLINK(IFERROR(INDEX(BAZA_FILM,MATCH($C45,BAZA_EX,0)),""),"film")),"")} | K45: D3-S07 | L45: {=IFERROR(INDEX(BAZA_ID,MATCH($C45,BAZA_EX,0)),"")} | M45: {=IFERROR(INDEX(BAZA_PART,MATCH($C45,BAZA_EX,0)),"")} | N45: {=IFERROR(INDEX(BAZA_KAT,MATCH($C45,BAZA_EX,0)),"")} | O45: {=IFERROR(INDEX(BAZA_COEFF,MATCH($C45,BAZA_EX,0)),"")} | P45: {=IFERROR(INDEX(BAZA_SKOK,MATCH($C45,BAZA_EX,0)),"")} | Q45: {=IFERROR(INDEX(BAZA_PROG,MATCH($C45,BAZA_EX,0)),"")} | R45: =IF($C45="","",IF(SUMPRODUCT((START!$B$6:$B$69=$C45)*(START!$M$6:$M$69>0))=0,"",SUMPRODUCT(MAX((START!$B$6:$B$69=$C45)*START!$M$6:$M$69)))) | S45: {=IFERROR(INDEX(TABELE!$B$4:$J$18,MATCH($E45,TABELE!$A$4:$A$18,0),MATCH($F45,TABELE!$B$3:$J$3,0)),"")} | T45: {=IFERROR(IF($C45="",0,$O45*$D45*INDEX(TABELE!$B$23:$P$33,MATCH($F45,TABELE!$A$23:$A$33,0),MATCH($E45,TABELE!$B$22:$P$22,0))),0)} -> 0 | U45: {=IFERROR(IF($C45="",0,$O45*$D45*INDEX(TABELE!$B$37:$P$47,MATCH($F45,TABELE!$A$37:$A$47,0),MATCH($E45,TABELE!$B$36:$P$36,0))),0)} -> 0 | V45: {=IFERROR(IF($C45="",0,$O45*$D45*INDEX(TABELE!$B$51:$P$61,MATCH($F45,TABELE!$A$51:$A$61,0),MATCH($E45,TABELE!$B$50:$P$50,0))),0)} -> 0 | W45: {=IFERROR(INDEX(BAZA_UWAGI,MATCH($C45,BAZA_EX,0)),"")} | X45: =IF($A45="","",$Z45) -> 4 | Y45: =IF($A45="",$Y44,LEFT($A45,1)) -> D | Z45: =IF($A45="",$Z44,IF(LEFT($A45,1)=$Y44,$Z44,$Z44+1)) -> 4 | AB45: =IF($C45="","",IF($H45<>"",$H45,IF($H$51="✓ ukończony","OK",""))) | AC45: 1 | AD45: =IF(OR($Q45="masa ciała",$Q45="czas",$Q45="dystans",$Q45="ręczne ustawienie"),MAX(-3,MIN(3,ROUND(($AC45-1)/0.05,0))),0) -> 0
A46: E1. | E46: =IF($C46="",0,MIN(15,MAX(1,IF(N($O46)>=1,6,IF(N($O46)>=0.75,IF(PRZEL_CZESC="część 1 (objętość)",8,6),IF(PRZEL_CZESC="część 1 (objętość)",10,8)))+0+$AD46))) -> 0 | G46: =IF($C46="","",IF(OR($Q46="masa ciała",$Q46="czas",$Q46="dystans",$Q46="ręczne ustawienie"),$Q46,IF(OR($R46="",$R46=0),"— brak 1RM",MROUND($R46*$S46/100,MAX($P46,0.5))))) | I46: {=IFERROR(IF(IFERROR(INDEX(BAZA_FILM,MATCH($C46,BAZA_EX,0)),"")="","",HYPERLINK(IFERROR(INDEX(BAZA_FILM,MATCH($C46,BAZA_EX,0)),""),"film")),"")} | K46: D3-S08 | L46: {=IFERROR(INDEX(BAZA_ID,MATCH($C46,BAZA_EX,0)),"")} | M46: {=IFERROR(INDEX(BAZA_PART,MATCH($C46,BAZA_EX,0)),"")} | N46: {=IFERROR(INDEX(BAZA_KAT,MATCH($C46,BAZA_EX,0)),"")} | O46: {=IFERROR(INDEX(BAZA_COEFF,MATCH($C46,BAZA_EX,0)),"")} | P46: {=IFERROR(INDEX(BAZA_SKOK,MATCH($C46,BAZA_EX,0)),"")} | Q46: {=IFERROR(INDEX(BAZA_PROG,MATCH($C46,BAZA_EX,0)),"")} | R46: =IF($C46="","",IF(SUMPRODUCT((START!$B$6:$B$69=$C46)*(START!$M$6:$M$69>0))=0,"",SUMPRODUCT(MAX((START!$B$6:$B$69=$C46)*START!$M$6:$M$69)))) | S46: {=IFERROR(INDEX(TABELE!$B$4:$J$18,MATCH($E46,TABELE!$A$4:$A$18,0),MATCH($F46,TABELE!$B$3:$J$3,0)),"")} | T46: {=IFERROR(IF($C46="",0,$O46*$D46*INDEX(TABELE!$B$23:$P$33,MATCH($F46,TABELE!$A$23:$A$33,0),MATCH($E46,TABELE!$B$22:$P$22,0))),0)} -> 0 | U46: {=IFERROR(IF($C46="",0,$O46*$D46*INDEX(TABELE!$B$37:$P$47,MATCH($F46,TABELE!$A$37:$A$47,0),MATCH($E46,TABELE!$B$36:$P$36,0))),0)} -> 0 | V46: {=IFERROR(IF($C46="",0,$O46*$D46*INDEX(TABELE!$B$51:$P$61,MATCH($F46,TABELE!$A$51:$A$61,0),MATCH($E46,TABELE!$B$50:$P$50,0))),0)} -> 0 | W46: {=IFERROR(INDEX(BAZA_UWAGI,MATCH($C46,BAZA_EX,0)),"")} | X46: =IF($A46="","",$Z46) -> 5 | Y46: =IF($A46="",$Y45,LEFT($A46,1)) -> E | Z46: =IF($A46="",$Z45,IF(LEFT($A46,1)=$Y45,$Z45,$Z45+1)) -> 5 | AB46: =IF($C46="","",IF($H46<>"",$H46,IF($H$51="✓ ukończony","OK",""))) | AC46: 1 | AD46: =IF(OR($Q46="masa ciała",$Q46="czas",$Q46="dystans",$Q46="ręczne ustawienie"),MAX(-3,MIN(3,ROUND(($AC46-1)/0.05,0))),0) -> 0
A47: E2. | E47: =IF($C47="",0,MIN(15,MAX(1,IF(N($O47)>=1,6,IF(N($O47)>=0.75,IF(PRZEL_CZESC="część 1 (objętość)",8,6),IF(PRZEL_CZESC="część 1 (objętość)",10,8)))+0+$AD47))) -> 0 | G47: =IF($C47="","",IF(OR($Q47="masa ciała",$Q47="czas",$Q47="dystans",$Q47="ręczne ustawienie"),$Q47,IF(OR($R47="",$R47=0),"— brak 1RM",MROUND($R47*$S47/100,MAX($P47,0.5))))) | I47: {=IFERROR(IF(IFERROR(INDEX(BAZA_FILM,MATCH($C47,BAZA_EX,0)),"")="","",HYPERLINK(IFERROR(INDEX(BAZA_FILM,MATCH($C47,BAZA_EX,0)),""),"film")),"")} | K47: D3-S09 | L47: {=IFERROR(INDEX(BAZA_ID,MATCH($C47,BAZA_EX,0)),"")} | M47: {=IFERROR(INDEX(BAZA_PART,MATCH($C47,BAZA_EX,0)),"")} | N47: {=IFERROR(INDEX(BAZA_KAT,MATCH($C47,BAZA_EX,0)),"")} | O47: {=IFERROR(INDEX(BAZA_COEFF,MATCH($C47,BAZA_EX,0)),"")} | P47: {=IFERROR(INDEX(BAZA_SKOK,MATCH($C47,BAZA_EX,0)),"")} | Q47: {=IFERROR(INDEX(BAZA_PROG,MATCH($C47,BAZA_EX,0)),"")} | R47: =IF($C47="","",IF(SUMPRODUCT((START!$B$6:$B$69=$C47)*(START!$M$6:$M$69>0))=0,"",SUMPRODUCT(MAX((START!$B$6:$B$69=$C47)*START!$M$6:$M$69)))) | S47: {=IFERROR(INDEX(TABELE!$B$4:$J$18,MATCH($E47,TABELE!$A$4:$A$18,0),MATCH($F47,TABELE!$B$3:$J$3,0)),"")} | T47: {=IFERROR(IF($C47="",0,$O47*$D47*INDEX(TABELE!$B$23:$P$33,MATCH($F47,TABELE!$A$23:$A$33,0),MATCH($E47,TABELE!$B$22:$P$22,0))),0)} -> 0 | U47: {=IFERROR(IF($C47="",0,$O47*$D47*INDEX(TABELE!$B$37:$P$47,MATCH($F47,TABELE!$A$37:$A$47,0),MATCH($E47,TABELE!$B$36:$P$36,0))),0)} -> 0 | V47: {=IFERROR(IF($C47="",0,$O47*$D47*INDEX(TABELE!$B$51:$P$61,MATCH($F47,TABELE!$A$51:$A$61,0),MATCH($E47,TABELE!$B$50:$P$50,0))),0)} -> 0 | W47: {=IFERROR(INDEX(BAZA_UWAGI,MATCH($C47,BAZA_EX,0)),"")} | X47: =IF($A47="","",$Z47) -> 5 | Y47: =IF($A47="",$Y46,LEFT($A47,1)) -> E | Z47: =IF($A47="",$Z46,IF(LEFT($A47,1)=$Y46,$Z46,$Z46+1)) -> 5 | AB47: =IF($C47="","",IF($H47<>"",$H47,IF($H$51="✓ ukończony","OK",""))) | AC47: 1 | AD47: =IF(OR($Q47="masa ciała",$Q47="czas",$Q47="dystans",$Q47="ręczne ustawienie"),MAX(-3,MIN(3,ROUND(($AC47-1)/0.05,0))),0) -> 0
E48: =IF($C48="",0,MIN(15,MAX(1,IF(N($O48)>=1,6,IF(N($O48)>=0.75,IF(PRZEL_CZESC="część 1 (objętość)",8,6),IF(PRZEL_CZESC="część 1 (objętość)",10,8)))+0+$AD48))) -> 0 | G48: =IF($C48="","",IF(OR($Q48="masa ciała",$Q48="czas",$Q48="dystans",$Q48="ręczne ustawienie"),$Q48,IF(OR($R48="",$R48=0),"— brak 1RM",MROUND($R48*$S48/100,MAX($P48,0.5))))) | I48: {=IFERROR(IF(IFERROR(INDEX(BAZA_FILM,MATCH($C48,BAZA_EX,0)),"")="","",HYPERLINK(IFERROR(INDEX(BAZA_FILM,MATCH($C48,BAZA_EX,0)),""),"film")),"")} | K48: D3-S10 | L48: {=IFERROR(INDEX(BAZA_ID,MATCH($C48,BAZA_EX,0)),"")} | M48: {=IFERROR(INDEX(BAZA_PART,MATCH($C48,BAZA_EX,0)),"")} | N48: {=IFERROR(INDEX(BAZA_KAT,MATCH($C48,BAZA_EX,0)),"")} | O48: {=IFERROR(INDEX(BAZA_COEFF,MATCH($C48,BAZA_EX,0)),"")} | P48: {=IFERROR(INDEX(BAZA_SKOK,MATCH($C48,BAZA_EX,0)),"")} | Q48: {=IFERROR(INDEX(BAZA_PROG,MATCH($C48,BAZA_EX,0)),"")} | R48: =IF($C48="","",IF(SUMPRODUCT((START!$B$6:$B$69=$C48)*(START!$M$6:$M$69>0))=0,"",SUMPRODUCT(MAX((START!$B$6:$B$69=$C48)*START!$M$6:$M$69)))) | S48: {=IFERROR(INDEX(TABELE!$B$4:$J$18,MATCH($E48,TABELE!$A$4:$A$18,0),MATCH($F48,TABELE!$B$3:$J$3,0)),"")} | T48: {=IFERROR(IF($C48="",0,$O48*$D48*INDEX(TABELE!$B$23:$P$33,MATCH($F48,TABELE!$A$23:$A$33,0),MATCH($E48,TABELE!$B$22:$P$22,0))),0)} -> 0 | U48: {=IFERROR(IF($C48="",0,$O48*$D48*INDEX(TABELE!$B$37:$P$47,MATCH($F48,TABELE!$A$37:$A$47,0),MATCH($E48,TABELE!$B$36:$P$36,0))),0)} -> 0 | V48: {=IFERROR(IF($C48="",0,$O48*$D48*INDEX(TABELE!$B$51:$P$61,MATCH($F48,TABELE!$A$51:$A$61,0),MATCH($E48,TABELE!$B$50:$P$50,0))),0)} -> 0 | W48: {=IFERROR(INDEX(BAZA_UWAGI,MATCH($C48,BAZA_EX,0)),"")} | X48: =IF($A48="","",$Z48) | Y48: =IF($A48="",$Y47,LEFT($A48,1)) -> E | Z48: =IF($A48="",$Z47,IF(LEFT($A48,1)=$Y47,$Z47,$Z47+1)) -> 5 | AB48: =IF($C48="","",IF($H48<>"",$H48,IF($H$51="✓ ukończony","OK",""))) | AC48: 1 | AD48: =IF(OR($Q48="masa ciała",$Q48="czas",$Q48="dystans",$Q48="ręczne ustawienie"),MAX(-3,MIN(3,ROUND(($AC48-1)/0.05,0))),0) -> 0
E49: =IF($C49="",0,MIN(15,MAX(1,IF(N($O49)>=1,6,IF(N($O49)>=0.75,IF(PRZEL_CZESC="część 1 (objętość)",8,6),IF(PRZEL_CZESC="część 1 (objętość)",10,8)))+0+$AD49))) -> 0 | G49: =IF($C49="","",IF(OR($Q49="masa ciała",$Q49="czas",$Q49="dystans",$Q49="ręczne ustawienie"),$Q49,IF(OR($R49="",$R49=0),"— brak 1RM",MROUND($R49*$S49/100,MAX($P49,0.5))))) | I49: {=IFERROR(IF(IFERROR(INDEX(BAZA_FILM,MATCH($C49,BAZA_EX,0)),"")="","",HYPERLINK(IFERROR(INDEX(BAZA_FILM,MATCH($C49,BAZA_EX,0)),""),"film")),"")} | K49: D3-S11 | L49: {=IFERROR(INDEX(BAZA_ID,MATCH($C49,BAZA_EX,0)),"")} | M49: {=IFERROR(INDEX(BAZA_PART,MATCH($C49,BAZA_EX,0)),"")} | N49: {=IFERROR(INDEX(BAZA_KAT,MATCH($C49,BAZA_EX,0)),"")} | O49: {=IFERROR(INDEX(BAZA_COEFF,MATCH($C49,BAZA_EX,0)),"")} | P49: {=IFERROR(INDEX(BAZA_SKOK,MATCH($C49,BAZA_EX,0)),"")} | Q49: {=IFERROR(INDEX(BAZA_PROG,MATCH($C49,BAZA_EX,0)),"")} | R49: =IF($C49="","",IF(SUMPRODUCT((START!$B$6:$B$69=$C49)*(START!$M$6:$M$69>0))=0,"",SUMPRODUCT(MAX((START!$B$6:$B$69=$C49)*START!$M$6:$M$69)))) | S49: {=IFERROR(INDEX(TABELE!$B$4:$J$18,MATCH($E49,TABELE!$A$4:$A$18,0),MATCH($F49,TABELE!$B$3:$J$3,0)),"")} | T49: {=IFERROR(IF($C49="",0,$O49*$D49*INDEX(TABELE!$B$23:$P$33,MATCH($F49,TABELE!$A$23:$A$33,0),MATCH($E49,TABELE!$B$22:$P$22,0))),0)} -> 0 | U49: {=IFERROR(IF($C49="",0,$O49*$D49*INDEX(TABELE!$B$37:$P$47,MATCH($F49,TABELE!$A$37:$A$47,0),MATCH($E49,TABELE!$B$36:$P$36,0))),0)} -> 0 | V49: {=IFERROR(IF($C49="",0,$O49*$D49*INDEX(TABELE!$B$51:$P$61,MATCH($F49,TABELE!$A$51:$A$61,0),MATCH($E49,TABELE!$B$50:$P$50,0))),0)} -> 0 | W49: {=IFERROR(INDEX(BAZA_UWAGI,MATCH($C49,BAZA_EX,0)),"")} | X49: =IF($A49="","",$Z49) | Y49: =IF($A49="",$Y48,LEFT($A49,1)) -> E | Z49: =IF($A49="",$Z48,IF(LEFT($A49,1)=$Y48,$Z48,$Z48+1)) -> 5 | AB49: =IF($C49="","",IF($H49<>"",$H49,IF($H$51="✓ ukończony","OK",""))) | AC49: 1 | AD49: =IF(OR($Q49="masa ciała",$Q49="czas",$Q49="dystans",$Q49="ręczne ustawienie"),MAX(-3,MIN(3,ROUND(($AC49-1)/0.05,0))),0) -> 0
E50: =IF($C50="",0,MIN(15,MAX(1,IF(N($O50)>=1,6,IF(N($O50)>=0.75,IF(PRZEL_CZESC="część 1 (objętość)",8,6),IF(PRZEL_CZESC="część 1 (objętość)",10,8)))+0+$AD50))) -> 0 | G50: =IF($C50="","",IF(OR($Q50="masa ciała",$Q50="czas",$Q50="dystans",$Q50="ręczne ustawienie"),$Q50,IF(OR($R50="",$R50=0),"— brak 1RM",MROUND($R50*$S50/100,MAX($P50,0.5))))) | I50: {=IFERROR(IF(IFERROR(INDEX(BAZA_FILM,MATCH($C50,BAZA_EX,0)),"")="","",HYPERLINK(IFERROR(INDEX(BAZA_FILM,MATCH($C50,BAZA_EX,0)),""),"film")),"")} | K50: D3-S12 | L50: {=IFERROR(INDEX(BAZA_ID,MATCH($C50,BAZA_EX,0)),"")} | M50: {=IFERROR(INDEX(BAZA_PART,MATCH($C50,BAZA_EX,0)),"")} | N50: {=IFERROR(INDEX(BAZA_KAT,MATCH($C50,BAZA_EX,0)),"")} | O50: {=IFERROR(INDEX(BAZA_COEFF,MATCH($C50,BAZA_EX,0)),"")} | P50: {=IFERROR(INDEX(BAZA_SKOK,MATCH($C50,BAZA_EX,0)),"")} | Q50: {=IFERROR(INDEX(BAZA_PROG,MATCH($C50,BAZA_EX,0)),"")} | R50: =IF($C50="","",IF(SUMPRODUCT((START!$B$6:$B$69=$C50)*(START!$M$6:$M$69>0))=0,"",SUMPRODUCT(MAX((START!$B$6:$B$69=$C50)*START!$M$6:$M$69)))) | S50: {=IFERROR(INDEX(TABELE!$B$4:$J$18,MATCH($E50,TABELE!$A$4:$A$18,0),MATCH($F50,TABELE!$B$3:$J$3,0)),"")} | T50: {=IFERROR(IF($C50="",0,$O50*$D50*INDEX(TABELE!$B$23:$P$33,MATCH($F50,TABELE!$A$23:$A$33,0),MATCH($E50,TABELE!$B$22:$P$22,0))),0)} -> 0 | U50: {=IFERROR(IF($C50="",0,$O50*$D50*INDEX(TABELE!$B$37:$P$47,MATCH($F50,TABELE!$A$37:$A$47,0),MATCH($E50,TABELE!$B$36:$P$36,0))),0)} -> 0 | V50: {=IFERROR(IF($C50="",0,$O50*$D50*INDEX(TABELE!$B$51:$P$61,MATCH($F50,TABELE!$A$51:$A$61,0),MATCH($E50,TABELE!$B$50:$P$50,0))),0)} -> 0 | W50: {=IFERROR(INDEX(BAZA_UWAGI,MATCH($C50,BAZA_EX,0)),"")} | X50: =IF($A50="","",$Z50) | Y50: =IF($A50="",$Y49,LEFT($A50,1)) -> E | Z50: =IF($A50="",$Z49,IF(LEFT($A50,1)=$Y49,$Z49,$Z49+1)) -> 5 | AB50: =IF($C50="","",IF($H50<>"",$H50,IF($H$51="✓ ukończony","OK",""))) | AC50: 1 | AD50: =IF(OR($Q50="masa ciała",$Q50="czas",$Q50="dystans",$Q50="ręczne ustawienie"),MAX(-3,MIN(3,ROUND(($AC50-1)/0.05,0))),0) -> 0
C51: Dzień III — razem | D51: =SUMPRODUCT((C39:C50<>"")*D39:D50)+IF(AND($B$38="TOP SET",$C$38<>""),1,0) | E51: =SUMPRODUCT((C39:C50<>"")*D39:D50*E39:E50)&" powt." -> 0 powt. | G51: ="stres t "&TEXT(SUM(T39:T50),"0.0") -> stres t 0,0
A53: DZIEŃ IV
A54: =IF($B54="TOP SET","▲","") -> ▲ | B54: TOP SET | C54: =IF(OR($B54<>"TOP SET",$F54=""),"",IF(N($K54)=0,"",IF(INDEX($C$55:$C$66,$K54)="","",INDEX($C$55:$C$66,$K54)))) | D54: =IF(AND($B54="TOP SET",$F54<>""),1,"") | E54: =IF(AND($B54="TOP SET",$F54<>""),"1 powtórzenie","") | F54: 7 | G54: {=IF($B54<>"TOP SET","",IF($C54="","",IF(OR($Q54="masa ciała",$Q54="czas",$Q54="dystans",$Q54="ręczne ustawienie"),"—",IF(OR($R54="",$R54=0),"— brak 1RM",MROUND($R54*IFERROR(INDEX(TABELE!$B$4:$J$18,MATCH(1,TABELE!$A$4:$A$18,0),MATCH($F54,TABELE!$B$3:$J$3,0)),0)/100,MAX($P54,0.5))))))} | K54: =IFERROR(MATCH("A*",$A$55:$A$66,0),0) | P54: =IF(N($K54)=0,"",INDEX($P$55:$P$66,$K54)) | Q54: =IF(N($K54)=0,"",INDEX($Q$55:$Q$66,$K54)) | R54: =IF(N($K54)=0,"",INDEX($R$55:$R$66,$K54))
A55: A1. | D55: 6 | E55: 6 | F55: 6.5 | G55: =IF($C55="","",IF(OR($Q55="masa ciała",$Q55="czas",$Q55="dystans",$Q55="ręczne ustawienie"),$Q55,IF(OR($R55="",$R55=0),"— brak 1RM",MROUND($R55*$S55/100,MAX($P55,0.5))))) | I55: {=IFERROR(IF(IFERROR(INDEX(BAZA_FILM,MATCH($C55,BAZA_EX,0)),"")="","",HYPERLINK(IFERROR(INDEX(BAZA_FILM,MATCH($C55,BAZA_EX,0)),""),"film")),"")} | K55: D4-S01 | L55: {=IFERROR(INDEX(BAZA_ID,MATCH($C55,BAZA_EX,0)),"")} | M55: {=IFERROR(INDEX(BAZA_PART,MATCH($C55,BAZA_EX,0)),"")} | N55: {=IFERROR(INDEX(BAZA_KAT,MATCH($C55,BAZA_EX,0)),"")} | O55: {=IFERROR(INDEX(BAZA_COEFF,MATCH($C55,BAZA_EX,0)),"")} | P55: {=IFERROR(INDEX(BAZA_SKOK,MATCH($C55,BAZA_EX,0)),"")} | Q55: {=IFERROR(INDEX(BAZA_PROG,MATCH($C55,BAZA_EX,0)),"")} | R55: =IF($C55="","",IF(SUMPRODUCT((START!$B$6:$B$69=$C55)*(START!$M$6:$M$69>0))=0,"",SUMPRODUCT(MAX((START!$B$6:$B$69=$C55)*START!$M$6:$M$69)))) | S55: {=IFERROR(INDEX(TABELE!$B$4:$J$18,MATCH($E55,TABELE!$A$4:$A$18,0),MATCH($F55,TABELE!$B$3:$J$3,0)),"")} -> 69.5 | T55: {=IFERROR(IF($C55="",0,$O55*$D55*INDEX(TABELE!$B$23:$P$33,MATCH($F55,TABELE!$A$23:$A$33,0),MATCH($E55,TABELE!$B$22:$P$22,0))),0)} -> 0 | U55: {=IFERROR(IF($C55="",0,$O55*$D55*INDEX(TABELE!$B$37:$P$47,MATCH($F55,TABELE!$A$37:$A$47,0),MATCH($E55,TABELE!$B$36:$P$36,0))),0)} -> 0 | V55: {=IFERROR(IF($C55="",0,$O55*$D55*INDEX(TABELE!$B$51:$P$61,MATCH($F55,TABELE!$A$51:$A$61,0),MATCH($E55,TABELE!$B$50:$P$50,0))),0)} -> 0 | W55: {=IFERROR(INDEX(BAZA_UWAGI,MATCH($C55,BAZA_EX,0)),"")} | X55: =IF($A55="","",$Z55) -> 1 | Y55: =IF($A55="","",LEFT($A55,1)) -> A | Z55: =IF($A55="",0,1) -> 1 | AB55: =IF($C55="","",IF($H55<>"",$H55,IF($H$67="✓ ukończony","OK",""))) | AC55: 1 | AD55: =IF(OR($Q55="masa ciała",$Q55="czas",$Q55="dystans",$Q55="ręczne ustawienie"),MAX(-3,MIN(3,ROUND(($AC55-1)/0.05,0))),0) -> 0
A56: B1. | D56: 3 | E56: =IF($C56="",0,MIN(15,MAX(1,IF(N($O56)>=1,6,IF(N($O56)>=0.75,IF(PRZEL_CZESC="część 1 (objętość)",8,6),IF(PRZEL_CZESC="część 1 (objętość)",10,8)))+0+$AD56))) -> 0 | F56: 8 | G56: =IF($C56="","",IF(OR($Q56="masa ciała",$Q56="czas",$Q56="dystans",$Q56="ręczne ustawienie"),$Q56,IF(OR($R56="",$R56=0),"— brak 1RM",MROUND($R56*$S56/100,MAX($P56,0.5))))) | I56: {=IFERROR(IF(IFERROR(INDEX(BAZA_FILM,MATCH($C56,BAZA_EX,0)),"")="","",HYPERLINK(IFERROR(INDEX(BAZA_FILM,MATCH($C56,BAZA_EX,0)),""),"film")),"")} | K56: D4-S02 | L56: {=IFERROR(INDEX(BAZA_ID,MATCH($C56,BAZA_EX,0)),"")} | M56: {=IFERROR(INDEX(BAZA_PART,MATCH($C56,BAZA_EX,0)),"")} | N56: {=IFERROR(INDEX(BAZA_KAT,MATCH($C56,BAZA_EX,0)),"")} | O56: {=IFERROR(INDEX(BAZA_COEFF,MATCH($C56,BAZA_EX,0)),"")} | P56: {=IFERROR(INDEX(BAZA_SKOK,MATCH($C56,BAZA_EX,0)),"")} | Q56: {=IFERROR(INDEX(BAZA_PROG,MATCH($C56,BAZA_EX,0)),"")} | R56: =IF($C56="","",IF(SUMPRODUCT((START!$B$6:$B$69=$C56)*(START!$M$6:$M$69>0))=0,"",SUMPRODUCT(MAX((START!$B$6:$B$69=$C56)*START!$M$6:$M$69)))) | S56: {=IFERROR(INDEX(TABELE!$B$4:$J$18,MATCH($E56,TABELE!$A$4:$A$18,0),MATCH($F56,TABELE!$B$3:$J$3,0)),"")} | T56: {=IFERROR(IF($C56="",0,$O56*$D56*INDEX(TABELE!$B$23:$P$33,MATCH($F56,TABELE!$A$23:$A$33,0),MATCH($E56,TABELE!$B$22:$P$22,0))),0)} -> 0 | U56: {=IFERROR(IF($C56="",0,$O56*$D56*INDEX(TABELE!$B$37:$P$47,MATCH($F56,TABELE!$A$37:$A$47,0),MATCH($E56,TABELE!$B$36:$P$36,0))),0)} -> 0 | V56: {=IFERROR(IF($C56="",0,$O56*$D56*INDEX(TABELE!$B$51:$P$61,MATCH($F56,TABELE!$A$51:$A$61,0),MATCH($E56,TABELE!$B$50:$P$50,0))),0)} -> 0 | W56: {=IFERROR(INDEX(BAZA_UWAGI,MATCH($C56,BAZA_EX,0)),"")} | X56: =IF($A56="","",$Z56) -> 2 | Y56: =IF($A56="",$Y55,LEFT($A56,1)) -> B | Z56: =IF($A56="",$Z55,IF(LEFT($A56,1)=$Y55,$Z55,$Z55+1)) -> 2 | AB56: =IF($C56="","",IF($H56<>"",$H56,IF($H$67="✓ ukończony","OK",""))) | AC56: 1 | AD56: =IF(OR($Q56="masa ciała",$Q56="czas",$Q56="dystans",$Q56="ręczne ustawienie"),MAX(-3,MIN(3,ROUND(($AC56-1)/0.05,0))),0) -> 0
A57: B2. | D57: 3 | E57: =IF($C57="",0,MIN(15,MAX(1,IF(N($O57)>=1,6,IF(N($O57)>=0.75,IF(PRZEL_CZESC="część 1 (objętość)",8,6),IF(PRZEL_CZESC="część 1 (objętość)",10,8)))+0+$AD57))) -> 0 | F57: 8 | G57: =IF($C57="","",IF(OR($Q57="masa ciała",$Q57="czas",$Q57="dystans",$Q57="ręczne ustawienie"),$Q57,IF(OR($R57="",$R57=0),"— brak 1RM",MROUND($R57*$S57/100,MAX($P57,0.5))))) | I57: {=IFERROR(IF(IFERROR(INDEX(BAZA_FILM,MATCH($C57,BAZA_EX,0)),"")="","",HYPERLINK(IFERROR(INDEX(BAZA_FILM,MATCH($C57,BAZA_EX,0)),""),"film")),"")} | K57: D4-S03 | L57: {=IFERROR(INDEX(BAZA_ID,MATCH($C57,BAZA_EX,0)),"")} | M57: {=IFERROR(INDEX(BAZA_PART,MATCH($C57,BAZA_EX,0)),"")} | N57: {=IFERROR(INDEX(BAZA_KAT,MATCH($C57,BAZA_EX,0)),"")} | O57: {=IFERROR(INDEX(BAZA_COEFF,MATCH($C57,BAZA_EX,0)),"")} | P57: {=IFERROR(INDEX(BAZA_SKOK,MATCH($C57,BAZA_EX,0)),"")} | Q57: {=IFERROR(INDEX(BAZA_PROG,MATCH($C57,BAZA_EX,0)),"")} | R57: =IF($C57="","",IF(SUMPRODUCT((START!$B$6:$B$69=$C57)*(START!$M$6:$M$69>0))=0,"",SUMPRODUCT(MAX((START!$B$6:$B$69=$C57)*START!$M$6:$M$69)))) | S57: {=IFERROR(INDEX(TABELE!$B$4:$J$18,MATCH($E57,TABELE!$A$4:$A$18,0),MATCH($F57,TABELE!$B$3:$J$3,0)),"")} | T57: {=IFERROR(IF($C57="",0,$O57*$D57*INDEX(TABELE!$B$23:$P$33,MATCH($F57,TABELE!$A$23:$A$33,0),MATCH($E57,TABELE!$B$22:$P$22,0))),0)} -> 0 | U57: {=IFERROR(IF($C57="",0,$O57*$D57*INDEX(TABELE!$B$37:$P$47,MATCH($F57,TABELE!$A$37:$A$47,0),MATCH($E57,TABELE!$B$36:$P$36,0))),0)} -> 0 | V57: {=IFERROR(IF($C57="",0,$O57*$D57*INDEX(TABELE!$B$51:$P$61,MATCH($F57,TABELE!$A$51:$A$61,0),MATCH($E57,TABELE!$B$50:$P$50,0))),0)} -> 0 | W57: {=IFERROR(INDEX(BAZA_UWAGI,MATCH($C57,BAZA_EX,0)),"")} | X57: =IF($A57="","",$Z57) -> 2 | Y57: =IF($A57="",$Y56,LEFT($A57,1)) -> B | Z57: =IF($A57="",$Z56,IF(LEFT($A57,1)=$Y56,$Z56,$Z56+1)) -> 2 | AB57: =IF($C57="","",IF($H57<>"",$H57,IF($H$67="✓ ukończony","OK",""))) | AC57: 1 | AD57: =IF(OR($Q57="masa ciała",$Q57="czas",$Q57="dystans",$Q57="ręczne ustawienie"),MAX(-3,MIN(3,ROUND(($AC57-1)/0.05,0))),0) -> 0
A58: C1. | D58: 3 | E58: =IF($C58="",0,MIN(15,MAX(1,IF(N($O58)>=1,6,IF(N($O58)>=0.75,IF(PRZEL_CZESC="część 1 (objętość)",8,6),IF(PRZEL_CZESC="część 1 (objętość)",10,8)))+0+$AD58))) -> 0 | F58: 8 | G58: =IF($C58="","",IF(OR($Q58="masa ciała",$Q58="czas",$Q58="dystans",$Q58="ręczne ustawienie"),$Q58,IF(OR($R58="",$R58=0),"— brak 1RM",MROUND($R58*$S58/100,MAX($P58,0.5))))) | I58: {=IFERROR(IF(IFERROR(INDEX(BAZA_FILM,MATCH($C58,BAZA_EX,0)),"")="","",HYPERLINK(IFERROR(INDEX(BAZA_FILM,MATCH($C58,BAZA_EX,0)),""),"film")),"")} | K58: D4-S04 | L58: {=IFERROR(INDEX(BAZA_ID,MATCH($C58,BAZA_EX,0)),"")} | M58: {=IFERROR(INDEX(BAZA_PART,MATCH($C58,BAZA_EX,0)),"")} | N58: {=IFERROR(INDEX(BAZA_KAT,MATCH($C58,BAZA_EX,0)),"")} | O58: {=IFERROR(INDEX(BAZA_COEFF,MATCH($C58,BAZA_EX,0)),"")} | P58: {=IFERROR(INDEX(BAZA_SKOK,MATCH($C58,BAZA_EX,0)),"")} | Q58: {=IFERROR(INDEX(BAZA_PROG,MATCH($C58,BAZA_EX,0)),"")} | R58: =IF($C58="","",IF(SUMPRODUCT((START!$B$6:$B$69=$C58)*(START!$M$6:$M$69>0))=0,"",SUMPRODUCT(MAX((START!$B$6:$B$69=$C58)*START!$M$6:$M$69)))) | S58: {=IFERROR(INDEX(TABELE!$B$4:$J$18,MATCH($E58,TABELE!$A$4:$A$18,0),MATCH($F58,TABELE!$B$3:$J$3,0)),"")} | T58: {=IFERROR(IF($C58="",0,$O58*$D58*INDEX(TABELE!$B$23:$P$33,MATCH($F58,TABELE!$A$23:$A$33,0),MATCH($E58,TABELE!$B$22:$P$22,0))),0)} -> 0 | U58: {=IFERROR(IF($C58="",0,$O58*$D58*INDEX(TABELE!$B$37:$P$47,MATCH($F58,TABELE!$A$37:$A$47,0),MATCH($E58,TABELE!$B$36:$P$36,0))),0)} -> 0 | V58: {=IFERROR(IF($C58="",0,$O58*$D58*INDEX(TABELE!$B$51:$P$61,MATCH($F58,TABELE!$A$51:$A$61,0),MATCH($E58,TABELE!$B$50:$P$50,0))),0)} -> 0 | W58: {=IFERROR(INDEX(BAZA_UWAGI,MATCH($C58,BAZA_EX,0)),"")} | X58: =IF($A58="","",$Z58) -> 3 | Y58: =IF($A58="",$Y57,LEFT($A58,1)) -> C | Z58: =IF($A58="",$Z57,IF(LEFT($A58,1)=$Y57,$Z57,$Z57+1)) -> 3 | AB58: =IF($C58="","",IF($H58<>"",$H58,IF($H$67="✓ ukończony","OK",""))) | AC58: 1 | AD58: =IF(OR($Q58="masa ciała",$Q58="czas",$Q58="dystans",$Q58="ręczne ustawienie"),MAX(-3,MIN(3,ROUND(($AC58-1)/0.05,0))),0) -> 0
A59: C2. | D59: 3 | E59: =IF($C59="",0,MIN(15,MAX(1,IF(N($O59)>=1,6,IF(N($O59)>=0.75,IF(PRZEL_CZESC="część 1 (objętość)",8,6),IF(PRZEL_CZESC="część 1 (objętość)",10,8)))+0+$AD59))) -> 0 | F59: 9 | G59: =IF($C59="","",IF(OR($Q59="masa ciała",$Q59="czas",$Q59="dystans",$Q59="ręczne ustawienie"),$Q59,IF(OR($R59="",$R59=0),"— brak 1RM",MROUND($R59*$S59/100,MAX($P59,0.5))))) | I59: {=IFERROR(IF(IFERROR(INDEX(BAZA_FILM,MATCH($C59,BAZA_EX,0)),"")="","",HYPERLINK(IFERROR(INDEX(BAZA_FILM,MATCH($C59,BAZA_EX,0)),""),"film")),"")} | K59: D4-S05 | L59: {=IFERROR(INDEX(BAZA_ID,MATCH($C59,BAZA_EX,0)),"")} | M59: {=IFERROR(INDEX(BAZA_PART,MATCH($C59,BAZA_EX,0)),"")} | N59: {=IFERROR(INDEX(BAZA_KAT,MATCH($C59,BAZA_EX,0)),"")} | O59: {=IFERROR(INDEX(BAZA_COEFF,MATCH($C59,BAZA_EX,0)),"")} | P59: {=IFERROR(INDEX(BAZA_SKOK,MATCH($C59,BAZA_EX,0)),"")} | Q59: {=IFERROR(INDEX(BAZA_PROG,MATCH($C59,BAZA_EX,0)),"")} | R59: =IF($C59="","",IF(SUMPRODUCT((START!$B$6:$B$69=$C59)*(START!$M$6:$M$69>0))=0,"",SUMPRODUCT(MAX((START!$B$6:$B$69=$C59)*START!$M$6:$M$69)))) | S59: {=IFERROR(INDEX(TABELE!$B$4:$J$18,MATCH($E59,TABELE!$A$4:$A$18,0),MATCH($F59,TABELE!$B$3:$J$3,0)),"")} | T59: {=IFERROR(IF($C59="",0,$O59*$D59*INDEX(TABELE!$B$23:$P$33,MATCH($F59,TABELE!$A$23:$A$33,0),MATCH($E59,TABELE!$B$22:$P$22,0))),0)} -> 0 | U59: {=IFERROR(IF($C59="",0,$O59*$D59*INDEX(TABELE!$B$37:$P$47,MATCH($F59,TABELE!$A$37:$A$47,0),MATCH($E59,TABELE!$B$36:$P$36,0))),0)} -> 0 | V59: {=IFERROR(IF($C59="",0,$O59*$D59*INDEX(TABELE!$B$51:$P$61,MATCH($F59,TABELE!$A$51:$A$61,0),MATCH($E59,TABELE!$B$50:$P$50,0))),0)} -> 0 | W59: {=IFERROR(INDEX(BAZA_UWAGI,MATCH($C59,BAZA_EX,0)),"")} | X59: =IF($A59="","",$Z59) -> 3 | Y59: =IF($A59="",$Y58,LEFT($A59,1)) -> C | Z59: =IF($A59="",$Z58,IF(LEFT($A59,1)=$Y58,$Z58,$Z58+1)) -> 3 | AB59: =IF($C59="","",IF($H59<>"",$H59,IF($H$67="✓ ukończony","OK",""))) | AC59: 1 | AD59: =IF(OR($Q59="masa ciała",$Q59="czas",$Q59="dystans",$Q59="ręczne ustawienie"),MAX(-3,MIN(3,ROUND(($AC59-1)/0.05,0))),0) -> 0
A60: D1. | D60: 3 | E60: =IF($C60="",0,MIN(15,MAX(1,IF(N($O60)>=1,6,IF(N($O60)>=0.75,IF(PRZEL_CZESC="część 1 (objętość)",8,6),IF(PRZEL_CZESC="część 1 (objętość)",10,8)))+0+$AD60))) -> 0 | F60: 8 | G60: =IF($C60="","",IF(OR($Q60="masa ciała",$Q60="czas",$Q60="dystans",$Q60="ręczne ustawienie"),$Q60,IF(OR($R60="",$R60=0),"— brak 1RM",MROUND($R60*$S60/100,MAX($P60,0.5))))) | I60: {=IFERROR(IF(IFERROR(INDEX(BAZA_FILM,MATCH($C60,BAZA_EX,0)),"")="","",HYPERLINK(IFERROR(INDEX(BAZA_FILM,MATCH($C60,BAZA_EX,0)),""),"film")),"")} | K60: D4-S06 | L60: {=IFERROR(INDEX(BAZA_ID,MATCH($C60,BAZA_EX,0)),"")} | M60: {=IFERROR(INDEX(BAZA_PART,MATCH($C60,BAZA_EX,0)),"")} | N60: {=IFERROR(INDEX(BAZA_KAT,MATCH($C60,BAZA_EX,0)),"")} | O60: {=IFERROR(INDEX(BAZA_COEFF,MATCH($C60,BAZA_EX,0)),"")} | P60: {=IFERROR(INDEX(BAZA_SKOK,MATCH($C60,BAZA_EX,0)),"")} | Q60: {=IFERROR(INDEX(BAZA_PROG,MATCH($C60,BAZA_EX,0)),"")} | R60: =IF($C60="","",IF(SUMPRODUCT((START!$B$6:$B$69=$C60)*(START!$M$6:$M$69>0))=0,"",SUMPRODUCT(MAX((START!$B$6:$B$69=$C60)*START!$M$6:$M$69)))) | S60: {=IFERROR(INDEX(TABELE!$B$4:$J$18,MATCH($E60,TABELE!$A$4:$A$18,0),MATCH($F60,TABELE!$B$3:$J$3,0)),"")} | T60: {=IFERROR(IF($C60="",0,$O60*$D60*INDEX(TABELE!$B$23:$P$33,MATCH($F60,TABELE!$A$23:$A$33,0),MATCH($E60,TABELE!$B$22:$P$22,0))),0)} -> 0 | U60: {=IFERROR(IF($C60="",0,$O60*$D60*INDEX(TABELE!$B$37:$P$47,MATCH($F60,TABELE!$A$37:$A$47,0),MATCH($E60,TABELE!$B$36:$P$36,0))),0)} -> 0 | V60: {=IFERROR(IF($C60="",0,$O60*$D60*INDEX(TABELE!$B$51:$P$61,MATCH($F60,TABELE!$A$51:$A$61,0),MATCH($E60,TABELE!$B$50:$P$50,0))),0)} -> 0 | W60: {=IFERROR(INDEX(BAZA_UWAGI,MATCH($C60,BAZA_EX,0)),"")} | X60: =IF($A60="","",$Z60) -> 4 | Y60: =IF($A60="",$Y59,LEFT($A60,1)) -> D | Z60: =IF($A60="",$Z59,IF(LEFT($A60,1)=$Y59,$Z59,$Z59+1)) -> 4 | AB60: =IF($C60="","",IF($H60<>"",$H60,IF($H$67="✓ ukończony","OK",""))) | AC60: 1 | AD60: =IF(OR($Q60="masa ciała",$Q60="czas",$Q60="dystans",$Q60="ręczne ustawienie"),MAX(-3,MIN(3,ROUND(($AC60-1)/0.05,0))),0) -> 0
A61: D2. | D61: 3 | E61: =IF($C61="",0,MIN(15,MAX(1,IF(N($O61)>=1,6,IF(N($O61)>=0.75,IF(PRZEL_CZESC="część 1 (objętość)",8,6),IF(PRZEL_CZESC="część 1 (objętość)",10,8)))+0+$AD61))) -> 0 | F61: 9 | G61: =IF($C61="","",IF(OR($Q61="masa ciała",$Q61="czas",$Q61="dystans",$Q61="ręczne ustawienie"),$Q61,IF(OR($R61="",$R61=0),"— brak 1RM",MROUND($R61*$S61/100,MAX($P61,0.5))))) | I61: {=IFERROR(IF(IFERROR(INDEX(BAZA_FILM,MATCH($C61,BAZA_EX,0)),"")="","",HYPERLINK(IFERROR(INDEX(BAZA_FILM,MATCH($C61,BAZA_EX,0)),""),"film")),"")} | K61: D4-S07 | L61: {=IFERROR(INDEX(BAZA_ID,MATCH($C61,BAZA_EX,0)),"")} | M61: {=IFERROR(INDEX(BAZA_PART,MATCH($C61,BAZA_EX,0)),"")} | N61: {=IFERROR(INDEX(BAZA_KAT,MATCH($C61,BAZA_EX,0)),"")} | O61: {=IFERROR(INDEX(BAZA_COEFF,MATCH($C61,BAZA_EX,0)),"")} | P61: {=IFERROR(INDEX(BAZA_SKOK,MATCH($C61,BAZA_EX,0)),"")} | Q61: {=IFERROR(INDEX(BAZA_PROG,MATCH($C61,BAZA_EX,0)),"")} | R61: =IF($C61="","",IF(SUMPRODUCT((START!$B$6:$B$69=$C61)*(START!$M$6:$M$69>0))=0,"",SUMPRODUCT(MAX((START!$B$6:$B$69=$C61)*START!$M$6:$M$69)))) | S61: {=IFERROR(INDEX(TABELE!$B$4:$J$18,MATCH($E61,TABELE!$A$4:$A$18,0),MATCH($F61,TABELE!$B$3:$J$3,0)),"")} | T61: {=IFERROR(IF($C61="",0,$O61*$D61*INDEX(TABELE!$B$23:$P$33,MATCH($F61,TABELE!$A$23:$A$33,0),MATCH($E61,TABELE!$B$22:$P$22,0))),0)} -> 0 | U61: {=IFERROR(IF($C61="",0,$O61*$D61*INDEX(TABELE!$B$37:$P$47,MATCH($F61,TABELE!$A$37:$A$47,0),MATCH($E61,TABELE!$B$36:$P$36,0))),0)} -> 0 | V61: {=IFERROR(IF($C61="",0,$O61*$D61*INDEX(TABELE!$B$51:$P$61,MATCH($F61,TABELE!$A$51:$A$61,0),MATCH($E61,TABELE!$B$50:$P$50,0))),0)} -> 0 | W61: {=IFERROR(INDEX(BAZA_UWAGI,MATCH($C61,BAZA_EX,0)),"")} | X61: =IF($A61="","",$Z61) -> 4 | Y61: =IF($A61="",$Y60,LEFT($A61,1)) -> D | Z61: =IF($A61="",$Z60,IF(LEFT($A61,1)=$Y60,$Z60,$Z60+1)) -> 4 | AB61: =IF($C61="","",IF($H61<>"",$H61,IF($H$67="✓ ukończony","OK",""))) | AC61: 1 | AD61: =IF(OR($Q61="masa ciała",$Q61="czas",$Q61="dystans",$Q61="ręczne ustawienie"),MAX(-3,MIN(3,ROUND(($AC61-1)/0.05,0))),0) -> 0
A62: E1. | E62: =IF($C62="",0,MIN(15,MAX(1,IF(N($O62)>=1,6,IF(N($O62)>=0.75,IF(PRZEL_CZESC="część 1 (objętość)",8,6),IF(PRZEL_CZESC="część 1 (objętość)",10,8)))+0+$AD62))) -> 0 | G62: =IF($C62="","",IF(OR($Q62="masa ciała",$Q62="czas",$Q62="dystans",$Q62="ręczne ustawienie"),$Q62,IF(OR($R62="",$R62=0),"— brak 1RM",MROUND($R62*$S62/100,MAX($P62,0.5))))) | I62: {=IFERROR(IF(IFERROR(INDEX(BAZA_FILM,MATCH($C62,BAZA_EX,0)),"")="","",HYPERLINK(IFERROR(INDEX(BAZA_FILM,MATCH($C62,BAZA_EX,0)),""),"film")),"")} | K62: D4-S08 | L62: {=IFERROR(INDEX(BAZA_ID,MATCH($C62,BAZA_EX,0)),"")} | M62: {=IFERROR(INDEX(BAZA_PART,MATCH($C62,BAZA_EX,0)),"")} | N62: {=IFERROR(INDEX(BAZA_KAT,MATCH($C62,BAZA_EX,0)),"")} | O62: {=IFERROR(INDEX(BAZA_COEFF,MATCH($C62,BAZA_EX,0)),"")} | P62: {=IFERROR(INDEX(BAZA_SKOK,MATCH($C62,BAZA_EX,0)),"")} | Q62: {=IFERROR(INDEX(BAZA_PROG,MATCH($C62,BAZA_EX,0)),"")} | R62: =IF($C62="","",IF(SUMPRODUCT((START!$B$6:$B$69=$C62)*(START!$M$6:$M$69>0))=0,"",SUMPRODUCT(MAX((START!$B$6:$B$69=$C62)*START!$M$6:$M$69)))) | S62: {=IFERROR(INDEX(TABELE!$B$4:$J$18,MATCH($E62,TABELE!$A$4:$A$18,0),MATCH($F62,TABELE!$B$3:$J$3,0)),"")} | T62: {=IFERROR(IF($C62="",0,$O62*$D62*INDEX(TABELE!$B$23:$P$33,MATCH($F62,TABELE!$A$23:$A$33,0),MATCH($E62,TABELE!$B$22:$P$22,0))),0)} -> 0 | U62: {=IFERROR(IF($C62="",0,$O62*$D62*INDEX(TABELE!$B$37:$P$47,MATCH($F62,TABELE!$A$37:$A$47,0),MATCH($E62,TABELE!$B$36:$P$36,0))),0)} -> 0 | V62: {=IFERROR(IF($C62="",0,$O62*$D62*INDEX(TABELE!$B$51:$P$61,MATCH($F62,TABELE!$A$51:$A$61,0),MATCH($E62,TABELE!$B$50:$P$50,0))),0)} -> 0 | W62: {=IFERROR(INDEX(BAZA_UWAGI,MATCH($C62,BAZA_EX,0)),"")} | X62: =IF($A62="","",$Z62) -> 5 | Y62: =IF($A62="",$Y61,LEFT($A62,1)) -> E | Z62: =IF($A62="",$Z61,IF(LEFT($A62,1)=$Y61,$Z61,$Z61+1)) -> 5 | AB62: =IF($C62="","",IF($H62<>"",$H62,IF($H$67="✓ ukończony","OK",""))) | AC62: 1 | AD62: =IF(OR($Q62="masa ciała",$Q62="czas",$Q62="dystans",$Q62="ręczne ustawienie"),MAX(-3,MIN(3,ROUND(($AC62-1)/0.05,0))),0) -> 0
A63: E2. | E63: =IF($C63="",0,MIN(15,MAX(1,IF(N($O63)>=1,6,IF(N($O63)>=0.75,IF(PRZEL_CZESC="część 1 (objętość)",8,6),IF(PRZEL_CZESC="część 1 (objętość)",10,8)))+0+$AD63))) -> 0 | G63: =IF($C63="","",IF(OR($Q63="masa ciała",$Q63="czas",$Q63="dystans",$Q63="ręczne ustawienie"),$Q63,IF(OR($R63="",$R63=0),"— brak 1RM",MROUND($R63*$S63/100,MAX($P63,0.5))))) | I63: {=IFERROR(IF(IFERROR(INDEX(BAZA_FILM,MATCH($C63,BAZA_EX,0)),"")="","",HYPERLINK(IFERROR(INDEX(BAZA_FILM,MATCH($C63,BAZA_EX,0)),""),"film")),"")} | K63: D4-S09 | L63: {=IFERROR(INDEX(BAZA_ID,MATCH($C63,BAZA_EX,0)),"")} | M63: {=IFERROR(INDEX(BAZA_PART,MATCH($C63,BAZA_EX,0)),"")} | N63: {=IFERROR(INDEX(BAZA_KAT,MATCH($C63,BAZA_EX,0)),"")} | O63: {=IFERROR(INDEX(BAZA_COEFF,MATCH($C63,BAZA_EX,0)),"")} | P63: {=IFERROR(INDEX(BAZA_SKOK,MATCH($C63,BAZA_EX,0)),"")} | Q63: {=IFERROR(INDEX(BAZA_PROG,MATCH($C63,BAZA_EX,0)),"")} | R63: =IF($C63="","",IF(SUMPRODUCT((START!$B$6:$B$69=$C63)*(START!$M$6:$M$69>0))=0,"",SUMPRODUCT(MAX((START!$B$6:$B$69=$C63)*START!$M$6:$M$69)))) | S63: {=IFERROR(INDEX(TABELE!$B$4:$J$18,MATCH($E63,TABELE!$A$4:$A$18,0),MATCH($F63,TABELE!$B$3:$J$3,0)),"")} | T63: {=IFERROR(IF($C63="",0,$O63*$D63*INDEX(TABELE!$B$23:$P$33,MATCH($F63,TABELE!$A$23:$A$33,0),MATCH($E63,TABELE!$B$22:$P$22,0))),0)} -> 0 | U63: {=IFERROR(IF($C63="",0,$O63*$D63*INDEX(TABELE!$B$37:$P$47,MATCH($F63,TABELE!$A$37:$A$47,0),MATCH($E63,TABELE!$B$36:$P$36,0))),0)} -> 0 | V63: {=IFERROR(IF($C63="",0,$O63*$D63*INDEX(TABELE!$B$51:$P$61,MATCH($F63,TABELE!$A$51:$A$61,0),MATCH($E63,TABELE!$B$50:$P$50,0))),0)} -> 0 | W63: {=IFERROR(INDEX(BAZA_UWAGI,MATCH($C63,BAZA_EX,0)),"")} | X63: =IF($A63="","",$Z63) -> 5 | Y63: =IF($A63="",$Y62,LEFT($A63,1)) -> E | Z63: =IF($A63="",$Z62,IF(LEFT($A63,1)=$Y62,$Z62,$Z62+1)) -> 5 | AB63: =IF($C63="","",IF($H63<>"",$H63,IF($H$67="✓ ukończony","OK",""))) | AC63: 1 | AD63: =IF(OR($Q63="masa ciała",$Q63="czas",$Q63="dystans",$Q63="ręczne ustawienie"),MAX(-3,MIN(3,ROUND(($AC63-1)/0.05,0))),0) -> 0
E64: =IF($C64="",0,MIN(15,MAX(1,IF(N($O64)>=1,6,IF(N($O64)>=0.75,IF(PRZEL_CZESC="część 1 (objętość)",8,6),IF(PRZEL_CZESC="część 1 (objętość)",10,8)))+0+$AD64))) -> 0 | G64: =IF($C64="","",IF(OR($Q64="masa ciała",$Q64="czas",$Q64="dystans",$Q64="ręczne ustawienie"),$Q64,IF(OR($R64="",$R64=0),"— brak 1RM",MROUND($R64*$S64/100,MAX($P64,0.5))))) | I64: {=IFERROR(IF(IFERROR(INDEX(BAZA_FILM,MATCH($C64,BAZA_EX,0)),"")="","",HYPERLINK(IFERROR(INDEX(BAZA_FILM,MATCH($C64,BAZA_EX,0)),""),"film")),"")} | K64: D4-S10 | L64: {=IFERROR(INDEX(BAZA_ID,MATCH($C64,BAZA_EX,0)),"")} | M64: {=IFERROR(INDEX(BAZA_PART,MATCH($C64,BAZA_EX,0)),"")} | N64: {=IFERROR(INDEX(BAZA_KAT,MATCH($C64,BAZA_EX,0)),"")} | O64: {=IFERROR(INDEX(BAZA_COEFF,MATCH($C64,BAZA_EX,0)),"")} | P64: {=IFERROR(INDEX(BAZA_SKOK,MATCH($C64,BAZA_EX,0)),"")} | Q64: {=IFERROR(INDEX(BAZA_PROG,MATCH($C64,BAZA_EX,0)),"")} | R64: =IF($C64="","",IF(SUMPRODUCT((START!$B$6:$B$69=$C64)*(START!$M$6:$M$69>0))=0,"",SUMPRODUCT(MAX((START!$B$6:$B$69=$C64)*START!$M$6:$M$69)))) | S64: {=IFERROR(INDEX(TABELE!$B$4:$J$18,MATCH($E64,TABELE!$A$4:$A$18,0),MATCH($F64,TABELE!$B$3:$J$3,0)),"")} | T64: {=IFERROR(IF($C64="",0,$O64*$D64*INDEX(TABELE!$B$23:$P$33,MATCH($F64,TABELE!$A$23:$A$33,0),MATCH($E64,TABELE!$B$22:$P$22,0))),0)} -> 0 | U64: {=IFERROR(IF($C64="",0,$O64*$D64*INDEX(TABELE!$B$37:$P$47,MATCH($F64,TABELE!$A$37:$A$47,0),MATCH($E64,TABELE!$B$36:$P$36,0))),0)} -> 0 | V64: {=IFERROR(IF($C64="",0,$O64*$D64*INDEX(TABELE!$B$51:$P$61,MATCH($F64,TABELE!$A$51:$A$61,0),MATCH($E64,TABELE!$B$50:$P$50,0))),0)} -> 0 | W64: {=IFERROR(INDEX(BAZA_UWAGI,MATCH($C64,BAZA_EX,0)),"")} | X64: =IF($A64="","",$Z64) | Y64: =IF($A64="",$Y63,LEFT($A64,1)) -> E | Z64: =IF($A64="",$Z63,IF(LEFT($A64,1)=$Y63,$Z63,$Z63+1)) -> 5 | AB64: =IF($C64="","",IF($H64<>"",$H64,IF($H$67="✓ ukończony","OK",""))) | AC64: 1 | AD64: =IF(OR($Q64="masa ciała",$Q64="czas",$Q64="dystans",$Q64="ręczne ustawienie"),MAX(-3,MIN(3,ROUND(($AC64-1)/0.05,0))),0) -> 0
E65: =IF($C65="",0,MIN(15,MAX(1,IF(N($O65)>=1,6,IF(N($O65)>=0.75,IF(PRZEL_CZESC="część 1 (objętość)",8,6),IF(PRZEL_CZESC="część 1 (objętość)",10,8)))+0+$AD65))) -> 0 | G65: =IF($C65="","",IF(OR($Q65="masa ciała",$Q65="czas",$Q65="dystans",$Q65="ręczne ustawienie"),$Q65,IF(OR($R65="",$R65=0),"— brak 1RM",MROUND($R65*$S65/100,MAX($P65,0.5))))) | I65: {=IFERROR(IF(IFERROR(INDEX(BAZA_FILM,MATCH($C65,BAZA_EX,0)),"")="","",HYPERLINK(IFERROR(INDEX(BAZA_FILM,MATCH($C65,BAZA_EX,0)),""),"film")),"")} | K65: D4-S11 | L65: {=IFERROR(INDEX(BAZA_ID,MATCH($C65,BAZA_EX,0)),"")} | M65: {=IFERROR(INDEX(BAZA_PART,MATCH($C65,BAZA_EX,0)),"")} | N65: {=IFERROR(INDEX(BAZA_KAT,MATCH($C65,BAZA_EX,0)),"")} | O65: {=IFERROR(INDEX(BAZA_COEFF,MATCH($C65,BAZA_EX,0)),"")} | P65: {=IFERROR(INDEX(BAZA_SKOK,MATCH($C65,BAZA_EX,0)),"")} | Q65: {=IFERROR(INDEX(BAZA_PROG,MATCH($C65,BAZA_EX,0)),"")} | R65: =IF($C65="","",IF(SUMPRODUCT((START!$B$6:$B$69=$C65)*(START!$M$6:$M$69>0))=0,"",SUMPRODUCT(MAX((START!$B$6:$B$69=$C65)*START!$M$6:$M$69)))) | S65: {=IFERROR(INDEX(TABELE!$B$4:$J$18,MATCH($E65,TABELE!$A$4:$A$18,0),MATCH($F65,TABELE!$B$3:$J$3,0)),"")} | T65: {=IFERROR(IF($C65="",0,$O65*$D65*INDEX(TABELE!$B$23:$P$33,MATCH($F65,TABELE!$A$23:$A$33,0),MATCH($E65,TABELE!$B$22:$P$22,0))),0)} -> 0 | U65: {=IFERROR(IF($C65="",0,$O65*$D65*INDEX(TABELE!$B$37:$P$47,MATCH($F65,TABELE!$A$37:$A$47,0),MATCH($E65,TABELE!$B$36:$P$36,0))),0)} -> 0 | V65: {=IFERROR(IF($C65="",0,$O65*$D65*INDEX(TABELE!$B$51:$P$61,MATCH($F65,TABELE!$A$51:$A$61,0),MATCH($E65,TABELE!$B$50:$P$50,0))),0)} -> 0 | W65: {=IFERROR(INDEX(BAZA_UWAGI,MATCH($C65,BAZA_EX,0)),"")} | X65: =IF($A65="","",$Z65) | Y65: =IF($A65="",$Y64,LEFT($A65,1)) -> E | Z65: =IF($A65="",$Z64,IF(LEFT($A65,1)=$Y64,$Z64,$Z64+1)) -> 5 | AB65: =IF($C65="","",IF($H65<>"",$H65,IF($H$67="✓ ukończony","OK",""))) | AC65: 1 | AD65: =IF(OR($Q65="masa ciała",$Q65="czas",$Q65="dystans",$Q65="ręczne ustawienie"),MAX(-3,MIN(3,ROUND(($AC65-1)/0.05,0))),0) -> 0
E66: =IF($C66="",0,MIN(15,MAX(1,IF(N($O66)>=1,6,IF(N($O66)>=0.75,IF(PRZEL_CZESC="część 1 (objętość)",8,6),IF(PRZEL_CZESC="część 1 (objętość)",10,8)))+0+$AD66))) -> 0 | G66: =IF($C66="","",IF(OR($Q66="masa ciała",$Q66="czas",$Q66="dystans",$Q66="ręczne ustawienie"),$Q66,IF(OR($R66="",$R66=0),"— brak 1RM",MROUND($R66*$S66/100,MAX($P66,0.5))))) | I66: {=IFERROR(IF(IFERROR(INDEX(BAZA_FILM,MATCH($C66,BAZA_EX,0)),"")="","",HYPERLINK(IFERROR(INDEX(BAZA_FILM,MATCH($C66,BAZA_EX,0)),""),"film")),"")} | K66: D4-S12 | L66: {=IFERROR(INDEX(BAZA_ID,MATCH($C66,BAZA_EX,0)),"")} | M66: {=IFERROR(INDEX(BAZA_PART,MATCH($C66,BAZA_EX,0)),"")} | N66: {=IFERROR(INDEX(BAZA_KAT,MATCH($C66,BAZA_EX,0)),"")} | O66: {=IFERROR(INDEX(BAZA_COEFF,MATCH($C66,BAZA_EX,0)),"")} | P66: {=IFERROR(INDEX(BAZA_SKOK,MATCH($C66,BAZA_EX,0)),"")} | Q66: {=IFERROR(INDEX(BAZA_PROG,MATCH($C66,BAZA_EX,0)),"")} | R66: =IF($C66="","",IF(SUMPRODUCT((START!$B$6:$B$69=$C66)*(START!$M$6:$M$69>0))=0,"",SUMPRODUCT(MAX((START!$B$6:$B$69=$C66)*START!$M$6:$M$69)))) | S66: {=IFERROR(INDEX(TABELE!$B$4:$J$18,MATCH($E66,TABELE!$A$4:$A$18,0),MATCH($F66,TABELE!$B$3:$J$3,0)),"")} | T66: {=IFERROR(IF($C66="",0,$O66*$D66*INDEX(TABELE!$B$23:$P$33,MATCH($F66,TABELE!$A$23:$A$33,0),MATCH($E66,TABELE!$B$22:$P$22,0))),0)} -> 0 | U66: {=IFERROR(IF($C66="",0,$O66*$D66*INDEX(TABELE!$B$37:$P$47,MATCH($F66,TABELE!$A$37:$A$47,0),MATCH($E66,TABELE!$B$36:$P$36,0))),0)} -> 0 | V66: {=IFERROR(IF($C66="",0,$O66*$D66*INDEX(TABELE!$B$51:$P$61,MATCH($F66,TABELE!$A$51:$A$61,0),MATCH($E66,TABELE!$B$50:$P$50,0))),0)} -> 0 | W66: {=IFERROR(INDEX(BAZA_UWAGI,MATCH($C66,BAZA_EX,0)),"")} | X66: =IF($A66="","",$Z66) | Y66: =IF($A66="",$Y65,LEFT($A66,1)) -> E | Z66: =IF($A66="",$Z65,IF(LEFT($A66,1)=$Y65,$Z65,$Z65+1)) -> 5 | AB66: =IF($C66="","",IF($H66<>"",$H66,IF($H$67="✓ ukończony","OK",""))) | AC66: 1 | AD66: =IF(OR($Q66="masa ciała",$Q66="czas",$Q66="dystans",$Q66="ręczne ustawienie"),MAX(-3,MIN(3,ROUND(($AC66-1)/0.05,0))),0) -> 0
C67: Dzień IV — razem | D67: =SUMPRODUCT((C55:C66<>"")*D55:D66)+IF(AND($B$54="TOP SET",$C$54<>""),1,0) | E67: =SUMPRODUCT((C55:C66<>"")*D55:D66*E55:E66)&" powt." -> 0 powt. | G67: ="stres t "&TEXT(SUM(T55:T66),"0.0") -> stres t 0,0
A69: DZIEŃ V
A70: =IF($B70="TOP SET","▲","") -> ▲ | B70: TOP SET | C70: =IF(OR($B70<>"TOP SET",$F70=""),"",IF(N($K70)=0,"",IF(INDEX($C$71:$C$82,$K70)="","",INDEX($C$71:$C$82,$K70)))) | D70: =IF(AND($B70="TOP SET",$F70<>""),1,"") | E70: =IF(AND($B70="TOP SET",$F70<>""),"1 powtórzenie","") | F70: 7 | G70: {=IF($B70<>"TOP SET","",IF($C70="","",IF(OR($Q70="masa ciała",$Q70="czas",$Q70="dystans",$Q70="ręczne ustawienie"),"—",IF(OR($R70="",$R70=0),"— brak 1RM",MROUND($R70*IFERROR(INDEX(TABELE!$B$4:$J$18,MATCH(1,TABELE!$A$4:$A$18,0),MATCH($F70,TABELE!$B$3:$J$3,0)),0)/100,MAX($P70,0.5))))))} | K70: =IFERROR(MATCH("A*",$A$71:$A$82,0),0) | P70: =IF(N($K70)=0,"",INDEX($P$71:$P$82,$K70)) | Q70: =IF(N($K70)=0,"",INDEX($Q$71:$Q$82,$K70)) | R70: =IF(N($K70)=0,"",INDEX($R$71:$R$82,$K70))
A71: A1. | D71: 6 | E71: 6 | F71: 6.5 | G71: =IF($C71="","",IF(OR($Q71="masa ciała",$Q71="czas",$Q71="dystans",$Q71="ręczne ustawienie"),$Q71,IF(OR($R71="",$R71=0),"— brak 1RM",MROUND($R71*$S71/100,MAX($P71,0.5))))) | I71: {=IFERROR(IF(IFERROR(INDEX(BAZA_FILM,MATCH($C71,BAZA_EX,0)),"")="","",HYPERLINK(IFERROR(INDEX(BAZA_FILM,MATCH($C71,BAZA_EX,0)),""),"film")),"")} | K71: D5-S01 | L71: {=IFERROR(INDEX(BAZA_ID,MATCH($C71,BAZA_EX,0)),"")} | M71: {=IFERROR(INDEX(BAZA_PART,MATCH($C71,BAZA_EX,0)),"")} | N71: {=IFERROR(INDEX(BAZA_KAT,MATCH($C71,BAZA_EX,0)),"")} | O71: {=IFERROR(INDEX(BAZA_COEFF,MATCH($C71,BAZA_EX,0)),"")} | P71: {=IFERROR(INDEX(BAZA_SKOK,MATCH($C71,BAZA_EX,0)),"")} | Q71: {=IFERROR(INDEX(BAZA_PROG,MATCH($C71,BAZA_EX,0)),"")} | R71: =IF($C71="","",IF(SUMPRODUCT((START!$B$6:$B$69=$C71)*(START!$M$6:$M$69>0))=0,"",SUMPRODUCT(MAX((START!$B$6:$B$69=$C71)*START!$M$6:$M$69)))) | S71: {=IFERROR(INDEX(TABELE!$B$4:$J$18,MATCH($E71,TABELE!$A$4:$A$18,0),MATCH($F71,TABELE!$B$3:$J$3,0)),"")} -> 69.5 | T71: {=IFERROR(IF($C71="",0,$O71*$D71*INDEX(TABELE!$B$23:$P$33,MATCH($F71,TABELE!$A$23:$A$33,0),MATCH($E71,TABELE!$B$22:$P$22,0))),0)} -> 0 | U71: {=IFERROR(IF($C71="",0,$O71*$D71*INDEX(TABELE!$B$37:$P$47,MATCH($F71,TABELE!$A$37:$A$47,0),MATCH($E71,TABELE!$B$36:$P$36,0))),0)} -> 0 | V71: {=IFERROR(IF($C71="",0,$O71*$D71*INDEX(TABELE!$B$51:$P$61,MATCH($F71,TABELE!$A$51:$A$61,0),MATCH($E71,TABELE!$B$50:$P$50,0))),0)} -> 0 | W71: {=IFERROR(INDEX(BAZA_UWAGI,MATCH($C71,BAZA_EX,0)),"")} | X71: =IF($A71="","",$Z71) -> 1 | Y71: =IF($A71="","",LEFT($A71,1)) -> A | Z71: =IF($A71="",0,1) -> 1 | AB71: =IF($C71="","",IF($H71<>"",$H71,IF($H$83="✓ ukończony","OK",""))) | AC71: 1 | AD71: =IF(OR($Q71="masa ciała",$Q71="czas",$Q71="dystans",$Q71="ręczne ustawienie"),MAX(-3,MIN(3,ROUND(($AC71-1)/0.05,0))),0) -> 0
A72: B1. | D72: 3 | E72: =IF($C72="",0,MIN(15,MAX(1,IF(N($O72)>=1,6,IF(N($O72)>=0.75,IF(PRZEL_CZESC="część 1 (objętość)",8,6),IF(PRZEL_CZESC="część 1 (objętość)",10,8)))+0+$AD72))) -> 0 | F72: 8 | G72: =IF($C72="","",IF(OR($Q72="masa ciała",$Q72="czas",$Q72="dystans",$Q72="ręczne ustawienie"),$Q72,IF(OR($R72="",$R72=0),"— brak 1RM",MROUND($R72*$S72/100,MAX($P72,0.5))))) | I72: {=IFERROR(IF(IFERROR(INDEX(BAZA_FILM,MATCH($C72,BAZA_EX,0)),"")="","",HYPERLINK(IFERROR(INDEX(BAZA_FILM,MATCH($C72,BAZA_EX,0)),""),"film")),"")} | K72: D5-S02 | L72: {=IFERROR(INDEX(BAZA_ID,MATCH($C72,BAZA_EX,0)),"")} | M72: {=IFERROR(INDEX(BAZA_PART,MATCH($C72,BAZA_EX,0)),"")} | N72: {=IFERROR(INDEX(BAZA_KAT,MATCH($C72,BAZA_EX,0)),"")} | O72: {=IFERROR(INDEX(BAZA_COEFF,MATCH($C72,BAZA_EX,0)),"")} | P72: {=IFERROR(INDEX(BAZA_SKOK,MATCH($C72,BAZA_EX,0)),"")} | Q72: {=IFERROR(INDEX(BAZA_PROG,MATCH($C72,BAZA_EX,0)),"")} | R72: =IF($C72="","",IF(SUMPRODUCT((START!$B$6:$B$69=$C72)*(START!$M$6:$M$69>0))=0,"",SUMPRODUCT(MAX((START!$B$6:$B$69=$C72)*START!$M$6:$M$69)))) | S72: {=IFERROR(INDEX(TABELE!$B$4:$J$18,MATCH($E72,TABELE!$A$4:$A$18,0),MATCH($F72,TABELE!$B$3:$J$3,0)),"")} | T72: {=IFERROR(IF($C72="",0,$O72*$D72*INDEX(TABELE!$B$23:$P$33,MATCH($F72,TABELE!$A$23:$A$33,0),MATCH($E72,TABELE!$B$22:$P$22,0))),0)} -> 0 | U72: {=IFERROR(IF($C72="",0,$O72*$D72*INDEX(TABELE!$B$37:$P$47,MATCH($F72,TABELE!$A$37:$A$47,0),MATCH($E72,TABELE!$B$36:$P$36,0))),0)} -> 0 | V72: {=IFERROR(IF($C72="",0,$O72*$D72*INDEX(TABELE!$B$51:$P$61,MATCH($F72,TABELE!$A$51:$A$61,0),MATCH($E72,TABELE!$B$50:$P$50,0))),0)} -> 0 | W72: {=IFERROR(INDEX(BAZA_UWAGI,MATCH($C72,BAZA_EX,0)),"")} | X72: =IF($A72="","",$Z72) -> 2 | Y72: =IF($A72="",$Y71,LEFT($A72,1)) -> B | Z72: =IF($A72="",$Z71,IF(LEFT($A72,1)=$Y71,$Z71,$Z71+1)) -> 2 | AB72: =IF($C72="","",IF($H72<>"",$H72,IF($H$83="✓ ukończony","OK",""))) | AC72: 1 | AD72: =IF(OR($Q72="masa ciała",$Q72="czas",$Q72="dystans",$Q72="ręczne ustawienie"),MAX(-3,MIN(3,ROUND(($AC72-1)/0.05,0))),0) -> 0
A73: B2. | D73: 3 | E73: =IF($C73="",0,MIN(15,MAX(1,IF(N($O73)>=1,6,IF(N($O73)>=0.75,IF(PRZEL_CZESC="część 1 (objętość)",8,6),IF(PRZEL_CZESC="część 1 (objętość)",10,8)))+0+$AD73))) -> 0 | F73: 8 | G73: =IF($C73="","",IF(OR($Q73="masa ciała",$Q73="czas",$Q73="dystans",$Q73="ręczne ustawienie"),$Q73,IF(OR($R73="",$R73=0),"— brak 1RM",MROUND($R73*$S73/100,MAX($P73,0.5))))) | I73: {=IFERROR(IF(IFERROR(INDEX(BAZA_FILM,MATCH($C73,BAZA_EX,0)),"")="","",HYPERLINK(IFERROR(INDEX(BAZA_FILM,MATCH($C73,BAZA_EX,0)),""),"film")),"")} | K73: D5-S03 | L73: {=IFERROR(INDEX(BAZA_ID,MATCH($C73,BAZA_EX,0)),"")} | M73: {=IFERROR(INDEX(BAZA_PART,MATCH($C73,BAZA_EX,0)),"")} | N73: {=IFERROR(INDEX(BAZA_KAT,MATCH($C73,BAZA_EX,0)),"")} | O73: {=IFERROR(INDEX(BAZA_COEFF,MATCH($C73,BAZA_EX,0)),"")} | P73: {=IFERROR(INDEX(BAZA_SKOK,MATCH($C73,BAZA_EX,0)),"")} | Q73: {=IFERROR(INDEX(BAZA_PROG,MATCH($C73,BAZA_EX,0)),"")} | R73: =IF($C73="","",IF(SUMPRODUCT((START!$B$6:$B$69=$C73)*(START!$M$6:$M$69>0))=0,"",SUMPRODUCT(MAX((START!$B$6:$B$69=$C73)*START!$M$6:$M$69)))) | S73: {=IFERROR(INDEX(TABELE!$B$4:$J$18,MATCH($E73,TABELE!$A$4:$A$18,0),MATCH($F73,TABELE!$B$3:$J$3,0)),"")} | T73: {=IFERROR(IF($C73="",0,$O73*$D73*INDEX(TABELE!$B$23:$P$33,MATCH($F73,TABELE!$A$23:$A$33,0),MATCH($E73,TABELE!$B$22:$P$22,0))),0)} -> 0 | U73: {=IFERROR(IF($C73="",0,$O73*$D73*INDEX(TABELE!$B$37:$P$47,MATCH($F73,TABELE!$A$37:$A$47,0),MATCH($E73,TABELE!$B$36:$P$36,0))),0)} -> 0 | V73: {=IFERROR(IF($C73="",0,$O73*$D73*INDEX(TABELE!$B$51:$P$61,MATCH($F73,TABELE!$A$51:$A$61,0),MATCH($E73,TABELE!$B$50:$P$50,0))),0)} -> 0 | W73: {=IFERROR(INDEX(BAZA_UWAGI,MATCH($C73,BAZA_EX,0)),"")} | X73: =IF($A73="","",$Z73) -> 2 | Y73: =IF($A73="",$Y72,LEFT($A73,1)) -> B | Z73: =IF($A73="",$Z72,IF(LEFT($A73,1)=$Y72,$Z72,$Z72+1)) -> 2 | AB73: =IF($C73="","",IF($H73<>"",$H73,IF($H$83="✓ ukończony","OK",""))) | AC73: 1 | AD73: =IF(OR($Q73="masa ciała",$Q73="czas",$Q73="dystans",$Q73="ręczne ustawienie"),MAX(-3,MIN(3,ROUND(($AC73-1)/0.05,0))),0) -> 0
A74: C1. | D74: 3 | E74: =IF($C74="",0,MIN(15,MAX(1,IF(N($O74)>=1,6,IF(N($O74)>=0.75,IF(PRZEL_CZESC="część 1 (objętość)",8,6),IF(PRZEL_CZESC="część 1 (objętość)",10,8)))+0+$AD74))) -> 0 | F74: 8 | G74: =IF($C74="","",IF(OR($Q74="masa ciała",$Q74="czas",$Q74="dystans",$Q74="ręczne ustawienie"),$Q74,IF(OR($R74="",$R74=0),"— brak 1RM",MROUND($R74*$S74/100,MAX($P74,0.5))))) | I74: {=IFERROR(IF(IFERROR(INDEX(BAZA_FILM,MATCH($C74,BAZA_EX,0)),"")="","",HYPERLINK(IFERROR(INDEX(BAZA_FILM,MATCH($C74,BAZA_EX,0)),""),"film")),"")} | K74: D5-S04 | L74: {=IFERROR(INDEX(BAZA_ID,MATCH($C74,BAZA_EX,0)),"")} | M74: {=IFERROR(INDEX(BAZA_PART,MATCH($C74,BAZA_EX,0)),"")} | N74: {=IFERROR(INDEX(BAZA_KAT,MATCH($C74,BAZA_EX,0)),"")} | O74: {=IFERROR(INDEX(BAZA_COEFF,MATCH($C74,BAZA_EX,0)),"")} | P74: {=IFERROR(INDEX(BAZA_SKOK,MATCH($C74,BAZA_EX,0)),"")} | Q74: {=IFERROR(INDEX(BAZA_PROG,MATCH($C74,BAZA_EX,0)),"")} | R74: =IF($C74="","",IF(SUMPRODUCT((START!$B$6:$B$69=$C74)*(START!$M$6:$M$69>0))=0,"",SUMPRODUCT(MAX((START!$B$6:$B$69=$C74)*START!$M$6:$M$69)))) | S74: {=IFERROR(INDEX(TABELE!$B$4:$J$18,MATCH($E74,TABELE!$A$4:$A$18,0),MATCH($F74,TABELE!$B$3:$J$3,0)),"")} | T74: {=IFERROR(IF($C74="",0,$O74*$D74*INDEX(TABELE!$B$23:$P$33,MATCH($F74,TABELE!$A$23:$A$33,0),MATCH($E74,TABELE!$B$22:$P$22,0))),0)} -> 0 | U74: {=IFERROR(IF($C74="",0,$O74*$D74*INDEX(TABELE!$B$37:$P$47,MATCH($F74,TABELE!$A$37:$A$47,0),MATCH($E74,TABELE!$B$36:$P$36,0))),0)} -> 0 | V74: {=IFERROR(IF($C74="",0,$O74*$D74*INDEX(TABELE!$B$51:$P$61,MATCH($F74,TABELE!$A$51:$A$61,0),MATCH($E74,TABELE!$B$50:$P$50,0))),0)} -> 0 | W74: {=IFERROR(INDEX(BAZA_UWAGI,MATCH($C74,BAZA_EX,0)),"")} | X74: =IF($A74="","",$Z74) -> 3 | Y74: =IF($A74="",$Y73,LEFT($A74,1)) -> C | Z74: =IF($A74="",$Z73,IF(LEFT($A74,1)=$Y73,$Z73,$Z73+1)) -> 3 | AB74: =IF($C74="","",IF($H74<>"",$H74,IF($H$83="✓ ukończony","OK",""))) | AC74: 1 | AD74: =IF(OR($Q74="masa ciała",$Q74="czas",$Q74="dystans",$Q74="ręczne ustawienie"),MAX(-3,MIN(3,ROUND(($AC74-1)/0.05,0))),0) -> 0
A75: C2. | D75: 3 | E75: =IF($C75="",0,MIN(15,MAX(1,IF(N($O75)>=1,6,IF(N($O75)>=0.75,IF(PRZEL_CZESC="część 1 (objętość)",8,6),IF(PRZEL_CZESC="część 1 (objętość)",10,8)))+0+$AD75))) -> 0 | F75: 9 | G75: =IF($C75="","",IF(OR($Q75="masa ciała",$Q75="czas",$Q75="dystans",$Q75="ręczne ustawienie"),$Q75,IF(OR($R75="",$R75=0),"— brak 1RM",MROUND($R75*$S75/100,MAX($P75,0.5))))) | I75: {=IFERROR(IF(IFERROR(INDEX(BAZA_FILM,MATCH($C75,BAZA_EX,0)),"")="","",HYPERLINK(IFERROR(INDEX(BAZA_FILM,MATCH($C75,BAZA_EX,0)),""),"film")),"")} | K75: D5-S05 | L75: {=IFERROR(INDEX(BAZA_ID,MATCH($C75,BAZA_EX,0)),"")} | M75: {=IFERROR(INDEX(BAZA_PART,MATCH($C75,BAZA_EX,0)),"")} | N75: {=IFERROR(INDEX(BAZA_KAT,MATCH($C75,BAZA_EX,0)),"")} | O75: {=IFERROR(INDEX(BAZA_COEFF,MATCH($C75,BAZA_EX,0)),"")} | P75: {=IFERROR(INDEX(BAZA_SKOK,MATCH($C75,BAZA_EX,0)),"")} | Q75: {=IFERROR(INDEX(BAZA_PROG,MATCH($C75,BAZA_EX,0)),"")} | R75: =IF($C75="","",IF(SUMPRODUCT((START!$B$6:$B$69=$C75)*(START!$M$6:$M$69>0))=0,"",SUMPRODUCT(MAX((START!$B$6:$B$69=$C75)*START!$M$6:$M$69)))) | S75: {=IFERROR(INDEX(TABELE!$B$4:$J$18,MATCH($E75,TABELE!$A$4:$A$18,0),MATCH($F75,TABELE!$B$3:$J$3,0)),"")} | T75: {=IFERROR(IF($C75="",0,$O75*$D75*INDEX(TABELE!$B$23:$P$33,MATCH($F75,TABELE!$A$23:$A$33,0),MATCH($E75,TABELE!$B$22:$P$22,0))),0)} -> 0 | U75: {=IFERROR(IF($C75="",0,$O75*$D75*INDEX(TABELE!$B$37:$P$47,MATCH($F75,TABELE!$A$37:$A$47,0),MATCH($E75,TABELE!$B$36:$P$36,0))),0)} -> 0 | V75: {=IFERROR(IF($C75="",0,$O75*$D75*INDEX(TABELE!$B$51:$P$61,MATCH($F75,TABELE!$A$51:$A$61,0),MATCH($E75,TABELE!$B$50:$P$50,0))),0)} -> 0 | W75: {=IFERROR(INDEX(BAZA_UWAGI,MATCH($C75,BAZA_EX,0)),"")} | X75: =IF($A75="","",$Z75) -> 3 | Y75: =IF($A75="",$Y74,LEFT($A75,1)) -> C | Z75: =IF($A75="",$Z74,IF(LEFT($A75,1)=$Y74,$Z74,$Z74+1)) -> 3 | AB75: =IF($C75="","",IF($H75<>"",$H75,IF($H$83="✓ ukończony","OK",""))) | AC75: 1 | AD75: =IF(OR($Q75="masa ciała",$Q75="czas",$Q75="dystans",$Q75="ręczne ustawienie"),MAX(-3,MIN(3,ROUND(($AC75-1)/0.05,0))),0) -> 0
A76: D1. | D76: 3 | E76: =IF($C76="",0,MIN(15,MAX(1,IF(N($O76)>=1,6,IF(N($O76)>=0.75,IF(PRZEL_CZESC="część 1 (objętość)",8,6),IF(PRZEL_CZESC="część 1 (objętość)",10,8)))+0+$AD76))) -> 0 | F76: 8 | G76: =IF($C76="","",IF(OR($Q76="masa ciała",$Q76="czas",$Q76="dystans",$Q76="ręczne ustawienie"),$Q76,IF(OR($R76="",$R76=0),"— brak 1RM",MROUND($R76*$S76/100,MAX($P76,0.5))))) | I76: {=IFERROR(IF(IFERROR(INDEX(BAZA_FILM,MATCH($C76,BAZA_EX,0)),"")="","",HYPERLINK(IFERROR(INDEX(BAZA_FILM,MATCH($C76,BAZA_EX,0)),""),"film")),"")} | K76: D5-S06 | L76: {=IFERROR(INDEX(BAZA_ID,MATCH($C76,BAZA_EX,0)),"")} | M76: {=IFERROR(INDEX(BAZA_PART,MATCH($C76,BAZA_EX,0)),"")} | N76: {=IFERROR(INDEX(BAZA_KAT,MATCH($C76,BAZA_EX,0)),"")} | O76: {=IFERROR(INDEX(BAZA_COEFF,MATCH($C76,BAZA_EX,0)),"")} | P76: {=IFERROR(INDEX(BAZA_SKOK,MATCH($C76,BAZA_EX,0)),"")} | Q76: {=IFERROR(INDEX(BAZA_PROG,MATCH($C76,BAZA_EX,0)),"")} | R76: =IF($C76="","",IF(SUMPRODUCT((START!$B$6:$B$69=$C76)*(START!$M$6:$M$69>0))=0,"",SUMPRODUCT(MAX((START!$B$6:$B$69=$C76)*START!$M$6:$M$69)))) | S76: {=IFERROR(INDEX(TABELE!$B$4:$J$18,MATCH($E76,TABELE!$A$4:$A$18,0),MATCH($F76,TABELE!$B$3:$J$3,0)),"")} | T76: {=IFERROR(IF($C76="",0,$O76*$D76*INDEX(TABELE!$B$23:$P$33,MATCH($F76,TABELE!$A$23:$A$33,0),MATCH($E76,TABELE!$B$22:$P$22,0))),0)} -> 0 | U76: {=IFERROR(IF($C76="",0,$O76*$D76*INDEX(TABELE!$B$37:$P$47,MATCH($F76,TABELE!$A$37:$A$47,0),MATCH($E76,TABELE!$B$36:$P$36,0))),0)} -> 0 | V76: {=IFERROR(IF($C76="",0,$O76*$D76*INDEX(TABELE!$B$51:$P$61,MATCH($F76,TABELE!$A$51:$A$61,0),MATCH($E76,TABELE!$B$50:$P$50,0))),0)} -> 0 | W76: {=IFERROR(INDEX(BAZA_UWAGI,MATCH($C76,BAZA_EX,0)),"")} | X76: =IF($A76="","",$Z76) -> 4 | Y76: =IF($A76="",$Y75,LEFT($A76,1)) -> D | Z76: =IF($A76="",$Z75,IF(LEFT($A76,1)=$Y75,$Z75,$Z75+1)) -> 4 | AB76: =IF($C76="","",IF($H76<>"",$H76,IF($H$83="✓ ukończony","OK",""))) | AC76: 1 | AD76: =IF(OR($Q76="masa ciała",$Q76="czas",$Q76="dystans",$Q76="ręczne ustawienie"),MAX(-3,MIN(3,ROUND(($AC76-1)/0.05,0))),0) -> 0
A77: D2. | D77: 3 | E77: =IF($C77="",0,MIN(15,MAX(1,IF(N($O77)>=1,6,IF(N($O77)>=0.75,IF(PRZEL_CZESC="część 1 (objętość)",8,6),IF(PRZEL_CZESC="część 1 (objętość)",10,8)))+0+$AD77))) -> 0 | F77: 9 | G77: =IF($C77="","",IF(OR($Q77="masa ciała",$Q77="czas",$Q77="dystans",$Q77="ręczne ustawienie"),$Q77,IF(OR($R77="",$R77=0),"— brak 1RM",MROUND($R77*$S77/100,MAX($P77,0.5))))) | I77: {=IFERROR(IF(IFERROR(INDEX(BAZA_FILM,MATCH($C77,BAZA_EX,0)),"")="","",HYPERLINK(IFERROR(INDEX(BAZA_FILM,MATCH($C77,BAZA_EX,0)),""),"film")),"")} | K77: D5-S07 | L77: {=IFERROR(INDEX(BAZA_ID,MATCH($C77,BAZA_EX,0)),"")} | M77: {=IFERROR(INDEX(BAZA_PART,MATCH($C77,BAZA_EX,0)),"")} | N77: {=IFERROR(INDEX(BAZA_KAT,MATCH($C77,BAZA_EX,0)),"")} | O77: {=IFERROR(INDEX(BAZA_COEFF,MATCH($C77,BAZA_EX,0)),"")} | P77: {=IFERROR(INDEX(BAZA_SKOK,MATCH($C77,BAZA_EX,0)),"")} | Q77: {=IFERROR(INDEX(BAZA_PROG,MATCH($C77,BAZA_EX,0)),"")} | R77: =IF($C77="","",IF(SUMPRODUCT((START!$B$6:$B$69=$C77)*(START!$M$6:$M$69>0))=0,"",SUMPRODUCT(MAX((START!$B$6:$B$69=$C77)*START!$M$6:$M$69)))) | S77: {=IFERROR(INDEX(TABELE!$B$4:$J$18,MATCH($E77,TABELE!$A$4:$A$18,0),MATCH($F77,TABELE!$B$3:$J$3,0)),"")} | T77: {=IFERROR(IF($C77="",0,$O77*$D77*INDEX(TABELE!$B$23:$P$33,MATCH($F77,TABELE!$A$23:$A$33,0),MATCH($E77,TABELE!$B$22:$P$22,0))),0)} -> 0 | U77: {=IFERROR(IF($C77="",0,$O77*$D77*INDEX(TABELE!$B$37:$P$47,MATCH($F77,TABELE!$A$37:$A$47,0),MATCH($E77,TABELE!$B$36:$P$36,0))),0)} -> 0 | V77: {=IFERROR(IF($C77="",0,$O77*$D77*INDEX(TABELE!$B$51:$P$61,MATCH($F77,TABELE!$A$51:$A$61,0),MATCH($E77,TABELE!$B$50:$P$50,0))),0)} -> 0 | W77: {=IFERROR(INDEX(BAZA_UWAGI,MATCH($C77,BAZA_EX,0)),"")} | X77: =IF($A77="","",$Z77) -> 4 | Y77: =IF($A77="",$Y76,LEFT($A77,1)) -> D | Z77: =IF($A77="",$Z76,IF(LEFT($A77,1)=$Y76,$Z76,$Z76+1)) -> 4 | AB77: =IF($C77="","",IF($H77<>"",$H77,IF($H$83="✓ ukończony","OK",""))) | AC77: 1 | AD77: =IF(OR($Q77="masa ciała",$Q77="czas",$Q77="dystans",$Q77="ręczne ustawienie"),MAX(-3,MIN(3,ROUND(($AC77-1)/0.05,0))),0) -> 0
A78: E1. | E78: =IF($C78="",0,MIN(15,MAX(1,IF(N($O78)>=1,6,IF(N($O78)>=0.75,IF(PRZEL_CZESC="część 1 (objętość)",8,6),IF(PRZEL_CZESC="część 1 (objętość)",10,8)))+0+$AD78))) -> 0 | G78: =IF($C78="","",IF(OR($Q78="masa ciała",$Q78="czas",$Q78="dystans",$Q78="ręczne ustawienie"),$Q78,IF(OR($R78="",$R78=0),"— brak 1RM",MROUND($R78*$S78/100,MAX($P78,0.5))))) | I78: {=IFERROR(IF(IFERROR(INDEX(BAZA_FILM,MATCH($C78,BAZA_EX,0)),"")="","",HYPERLINK(IFERROR(INDEX(BAZA_FILM,MATCH($C78,BAZA_EX,0)),""),"film")),"")} | K78: D5-S08 | L78: {=IFERROR(INDEX(BAZA_ID,MATCH($C78,BAZA_EX,0)),"")} | M78: {=IFERROR(INDEX(BAZA_PART,MATCH($C78,BAZA_EX,0)),"")} | N78: {=IFERROR(INDEX(BAZA_KAT,MATCH($C78,BAZA_EX,0)),"")} | O78: {=IFERROR(INDEX(BAZA_COEFF,MATCH($C78,BAZA_EX,0)),"")} | P78: {=IFERROR(INDEX(BAZA_SKOK,MATCH($C78,BAZA_EX,0)),"")} | Q78: {=IFERROR(INDEX(BAZA_PROG,MATCH($C78,BAZA_EX,0)),"")} | R78: =IF($C78="","",IF(SUMPRODUCT((START!$B$6:$B$69=$C78)*(START!$M$6:$M$69>0))=0,"",SUMPRODUCT(MAX((START!$B$6:$B$69=$C78)*START!$M$6:$M$69)))) | S78: {=IFERROR(INDEX(TABELE!$B$4:$J$18,MATCH($E78,TABELE!$A$4:$A$18,0),MATCH($F78,TABELE!$B$3:$J$3,0)),"")} | T78: {=IFERROR(IF($C78="",0,$O78*$D78*INDEX(TABELE!$B$23:$P$33,MATCH($F78,TABELE!$A$23:$A$33,0),MATCH($E78,TABELE!$B$22:$P$22,0))),0)} -> 0 | U78: {=IFERROR(IF($C78="",0,$O78*$D78*INDEX(TABELE!$B$37:$P$47,MATCH($F78,TABELE!$A$37:$A$47,0),MATCH($E78,TABELE!$B$36:$P$36,0))),0)} -> 0 | V78: {=IFERROR(IF($C78="",0,$O78*$D78*INDEX(TABELE!$B$51:$P$61,MATCH($F78,TABELE!$A$51:$A$61,0),MATCH($E78,TABELE!$B$50:$P$50,0))),0)} -> 0 | W78: {=IFERROR(INDEX(BAZA_UWAGI,MATCH($C78,BAZA_EX,0)),"")} | X78: =IF($A78="","",$Z78) -> 5 | Y78: =IF($A78="",$Y77,LEFT($A78,1)) -> E | Z78: =IF($A78="",$Z77,IF(LEFT($A78,1)=$Y77,$Z77,$Z77+1)) -> 5 | AB78: =IF($C78="","",IF($H78<>"",$H78,IF($H$83="✓ ukończony","OK",""))) | AC78: 1 | AD78: =IF(OR($Q78="masa ciała",$Q78="czas",$Q78="dystans",$Q78="ręczne ustawienie"),MAX(-3,MIN(3,ROUND(($AC78-1)/0.05,0))),0) -> 0
A79: E2. | E79: =IF($C79="",0,MIN(15,MAX(1,IF(N($O79)>=1,6,IF(N($O79)>=0.75,IF(PRZEL_CZESC="część 1 (objętość)",8,6),IF(PRZEL_CZESC="część 1 (objętość)",10,8)))+0+$AD79))) -> 0 | G79: =IF($C79="","",IF(OR($Q79="masa ciała",$Q79="czas",$Q79="dystans",$Q79="ręczne ustawienie"),$Q79,IF(OR($R79="",$R79=0),"— brak 1RM",MROUND($R79*$S79/100,MAX($P79,0.5))))) | I79: {=IFERROR(IF(IFERROR(INDEX(BAZA_FILM,MATCH($C79,BAZA_EX,0)),"")="","",HYPERLINK(IFERROR(INDEX(BAZA_FILM,MATCH($C79,BAZA_EX,0)),""),"film")),"")} | K79: D5-S09 | L79: {=IFERROR(INDEX(BAZA_ID,MATCH($C79,BAZA_EX,0)),"")} | M79: {=IFERROR(INDEX(BAZA_PART,MATCH($C79,BAZA_EX,0)),"")} | N79: {=IFERROR(INDEX(BAZA_KAT,MATCH($C79,BAZA_EX,0)),"")} | O79: {=IFERROR(INDEX(BAZA_COEFF,MATCH($C79,BAZA_EX,0)),"")} | P79: {=IFERROR(INDEX(BAZA_SKOK,MATCH($C79,BAZA_EX,0)),"")} | Q79: {=IFERROR(INDEX(BAZA_PROG,MATCH($C79,BAZA_EX,0)),"")} | R79: =IF($C79="","",IF(SUMPRODUCT((START!$B$6:$B$69=$C79)*(START!$M$6:$M$69>0))=0,"",SUMPRODUCT(MAX((START!$B$6:$B$69=$C79)*START!$M$6:$M$69)))) | S79: {=IFERROR(INDEX(TABELE!$B$4:$J$18,MATCH($E79,TABELE!$A$4:$A$18,0),MATCH($F79,TABELE!$B$3:$J$3,0)),"")} | T79: {=IFERROR(IF($C79="",0,$O79*$D79*INDEX(TABELE!$B$23:$P$33,MATCH($F79,TABELE!$A$23:$A$33,0),MATCH($E79,TABELE!$B$22:$P$22,0))),0)} -> 0 | U79: {=IFERROR(IF($C79="",0,$O79*$D79*INDEX(TABELE!$B$37:$P$47,MATCH($F79,TABELE!$A$37:$A$47,0),MATCH($E79,TABELE!$B$36:$P$36,0))),0)} -> 0 | V79: {=IFERROR(IF($C79="",0,$O79*$D79*INDEX(TABELE!$B$51:$P$61,MATCH($F79,TABELE!$A$51:$A$61,0),MATCH($E79,TABELE!$B$50:$P$50,0))),0)} -> 0 | W79: {=IFERROR(INDEX(BAZA_UWAGI,MATCH($C79,BAZA_EX,0)),"")} | X79: =IF($A79="","",$Z79) -> 5 | Y79: =IF($A79="",$Y78,LEFT($A79,1)) -> E | Z79: =IF($A79="",$Z78,IF(LEFT($A79,1)=$Y78,$Z78,$Z78+1)) -> 5 | AB79: =IF($C79="","",IF($H79<>"",$H79,IF($H$83="✓ ukończony","OK",""))) | AC79: 1 | AD79: =IF(OR($Q79="masa ciała",$Q79="czas",$Q79="dystans",$Q79="ręczne ustawienie"),MAX(-3,MIN(3,ROUND(($AC79-1)/0.05,0))),0) -> 0
E80: =IF($C80="",0,MIN(15,MAX(1,IF(N($O80)>=1,6,IF(N($O80)>=0.75,IF(PRZEL_CZESC="część 1 (objętość)",8,6),IF(PRZEL_CZESC="część 1 (objętość)",10,8)))+0+$AD80))) -> 0 | G80: =IF($C80="","",IF(OR($Q80="masa ciała",$Q80="czas",$Q80="dystans",$Q80="ręczne ustawienie"),$Q80,IF(OR($R80="",$R80=0),"— brak 1RM",MROUND($R80*$S80/100,MAX($P80,0.5))))) | I80: {=IFERROR(IF(IFERROR(INDEX(BAZA_FILM,MATCH($C80,BAZA_EX,0)),"")="","",HYPERLINK(IFERROR(INDEX(BAZA_FILM,MATCH($C80,BAZA_EX,0)),""),"film")),"")} | K80: D5-S10 | L80: {=IFERROR(INDEX(BAZA_ID,MATCH($C80,BAZA_EX,0)),"")} | M80: {=IFERROR(INDEX(BAZA_PART,MATCH($C80,BAZA_EX,0)),"")} | N80: {=IFERROR(INDEX(BAZA_KAT,MATCH($C80,BAZA_EX,0)),"")} | O80: {=IFERROR(INDEX(BAZA_COEFF,MATCH($C80,BAZA_EX,0)),"")} | P80: {=IFERROR(INDEX(BAZA_SKOK,MATCH($C80,BAZA_EX,0)),"")} | Q80: {=IFERROR(INDEX(BAZA_PROG,MATCH($C80,BAZA_EX,0)),"")} | R80: =IF($C80="","",IF(SUMPRODUCT((START!$B$6:$B$69=$C80)*(START!$M$6:$M$69>0))=0,"",SUMPRODUCT(MAX((START!$B$6:$B$69=$C80)*START!$M$6:$M$69)))) | S80: {=IFERROR(INDEX(TABELE!$B$4:$J$18,MATCH($E80,TABELE!$A$4:$A$18,0),MATCH($F80,TABELE!$B$3:$J$3,0)),"")} | T80: {=IFERROR(IF($C80="",0,$O80*$D80*INDEX(TABELE!$B$23:$P$33,MATCH($F80,TABELE!$A$23:$A$33,0),MATCH($E80,TABELE!$B$22:$P$22,0))),0)} -> 0 | U80: {=IFERROR(IF($C80="",0,$O80*$D80*INDEX(TABELE!$B$37:$P$47,MATCH($F80,TABELE!$A$37:$A$47,0),MATCH($E80,TABELE!$B$36:$P$36,0))),0)} -> 0 | V80: {=IFERROR(IF($C80="",0,$O80*$D80*INDEX(TABELE!$B$51:$P$61,MATCH($F80,TABELE!$A$51:$A$61,0),MATCH($E80,TABELE!$B$50:$P$50,0))),0)} -> 0 | W80: {=IFERROR(INDEX(BAZA_UWAGI,MATCH($C80,BAZA_EX,0)),"")} | X80: =IF($A80="","",$Z80) | Y80: =IF($A80="",$Y79,LEFT($A80,1)) -> E | Z80: =IF($A80="",$Z79,IF(LEFT($A80,1)=$Y79,$Z79,$Z79+1)) -> 5 | AB80: =IF($C80="","",IF($H80<>"",$H80,IF($H$83="✓ ukończony","OK",""))) | AC80: 1 | AD80: =IF(OR($Q80="masa ciała",$Q80="czas",$Q80="dystans",$Q80="ręczne ustawienie"),MAX(-3,MIN(3,ROUND(($AC80-1)/0.05,0))),0) -> 0
E81: =IF($C81="",0,MIN(15,MAX(1,IF(N($O81)>=1,6,IF(N($O81)>=0.75,IF(PRZEL_CZESC="część 1 (objętość)",8,6),IF(PRZEL_CZESC="część 1 (objętość)",10,8)))+0+$AD81))) -> 0 | G81: =IF($C81="","",IF(OR($Q81="masa ciała",$Q81="czas",$Q81="dystans",$Q81="ręczne ustawienie"),$Q81,IF(OR($R81="",$R81=0),"— brak 1RM",MROUND($R81*$S81/100,MAX($P81,0.5))))) | I81: {=IFERROR(IF(IFERROR(INDEX(BAZA_FILM,MATCH($C81,BAZA_EX,0)),"")="","",HYPERLINK(IFERROR(INDEX(BAZA_FILM,MATCH($C81,BAZA_EX,0)),""),"film")),"")} | K81: D5-S11 | L81: {=IFERROR(INDEX(BAZA_ID,MATCH($C81,BAZA_EX,0)),"")} | M81: {=IFERROR(INDEX(BAZA_PART,MATCH($C81,BAZA_EX,0)),"")} | N81: {=IFERROR(INDEX(BAZA_KAT,MATCH($C81,BAZA_EX,0)),"")} | O81: {=IFERROR(INDEX(BAZA_COEFF,MATCH($C81,BAZA_EX,0)),"")} | P81: {=IFERROR(INDEX(BAZA_SKOK,MATCH($C81,BAZA_EX,0)),"")} | Q81: {=IFERROR(INDEX(BAZA_PROG,MATCH($C81,BAZA_EX,0)),"")} | R81: =IF($C81="","",IF(SUMPRODUCT((START!$B$6:$B$69=$C81)*(START!$M$6:$M$69>0))=0,"",SUMPRODUCT(MAX((START!$B$6:$B$69=$C81)*START!$M$6:$M$69)))) | S81: {=IFERROR(INDEX(TABELE!$B$4:$J$18,MATCH($E81,TABELE!$A$4:$A$18,0),MATCH($F81,TABELE!$B$3:$J$3,0)),"")} | T81: {=IFERROR(IF($C81="",0,$O81*$D81*INDEX(TABELE!$B$23:$P$33,MATCH($F81,TABELE!$A$23:$A$33,0),MATCH($E81,TABELE!$B$22:$P$22,0))),0)} -> 0 | U81: {=IFERROR(IF($C81="",0,$O81*$D81*INDEX(TABELE!$B$37:$P$47,MATCH($F81,TABELE!$A$37:$A$47,0),MATCH($E81,TABELE!$B$36:$P$36,0))),0)} -> 0 | V81: {=IFERROR(IF($C81="",0,$O81*$D81*INDEX(TABELE!$B$51:$P$61,MATCH($F81,TABELE!$A$51:$A$61,0),MATCH($E81,TABELE!$B$50:$P$50,0))),0)} -> 0 | W81: {=IFERROR(INDEX(BAZA_UWAGI,MATCH($C81,BAZA_EX,0)),"")} | X81: =IF($A81="","",$Z81) | Y81: =IF($A81="",$Y80,LEFT($A81,1)) -> E | Z81: =IF($A81="",$Z80,IF(LEFT($A81,1)=$Y80,$Z80,$Z80+1)) -> 5 | AB81: =IF($C81="","",IF($H81<>"",$H81,IF($H$83="✓ ukończony","OK",""))) | AC81: 1 | AD81: =IF(OR($Q81="masa ciała",$Q81="czas",$Q81="dystans",$Q81="ręczne ustawienie"),MAX(-3,MIN(3,ROUND(($AC81-1)/0.05,0))),0) -> 0
E82: =IF($C82="",0,MIN(15,MAX(1,IF(N($O82)>=1,6,IF(N($O82)>=0.75,IF(PRZEL_CZESC="część 1 (objętość)",8,6),IF(PRZEL_CZESC="część 1 (objętość)",10,8)))+0+$AD82))) -> 0 | G82: =IF($C82="","",IF(OR($Q82="masa ciała",$Q82="czas",$Q82="dystans",$Q82="ręczne ustawienie"),$Q82,IF(OR($R82="",$R82=0),"— brak 1RM",MROUND($R82*$S82/100,MAX($P82,0.5))))) | I82: {=IFERROR(IF(IFERROR(INDEX(BAZA_FILM,MATCH($C82,BAZA_EX,0)),"")="","",HYPERLINK(IFERROR(INDEX(BAZA_FILM,MATCH($C82,BAZA_EX,0)),""),"film")),"")} | K82: D5-S12 | L82: {=IFERROR(INDEX(BAZA_ID,MATCH($C82,BAZA_EX,0)),"")} | M82: {=IFERROR(INDEX(BAZA_PART,MATCH($C82,BAZA_EX,0)),"")} | N82: {=IFERROR(INDEX(BAZA_KAT,MATCH($C82,BAZA_EX,0)),"")} | O82: {=IFERROR(INDEX(BAZA_COEFF,MATCH($C82,BAZA_EX,0)),"")} | P82: {=IFERROR(INDEX(BAZA_SKOK,MATCH($C82,BAZA_EX,0)),"")} | Q82: {=IFERROR(INDEX(BAZA_PROG,MATCH($C82,BAZA_EX,0)),"")} | R82: =IF($C82="","",IF(SUMPRODUCT((START!$B$6:$B$69=$C82)*(START!$M$6:$M$69>0))=0,"",SUMPRODUCT(MAX((START!$B$6:$B$69=$C82)*START!$M$6:$M$69)))) | S82: {=IFERROR(INDEX(TABELE!$B$4:$J$18,MATCH($E82,TABELE!$A$4:$A$18,0),MATCH($F82,TABELE!$B$3:$J$3,0)),"")} | T82: {=IFERROR(IF($C82="",0,$O82*$D82*INDEX(TABELE!$B$23:$P$33,MATCH($F82,TABELE!$A$23:$A$33,0),MATCH($E82,TABELE!$B$22:$P$22,0))),0)} -> 0 | U82: {=IFERROR(IF($C82="",0,$O82*$D82*INDEX(TABELE!$B$37:$P$47,MATCH($F82,TABELE!$A$37:$A$47,0),MATCH($E82,TABELE!$B$36:$P$36,0))),0)} -> 0 | V82: {=IFERROR(IF($C82="",0,$O82*$D82*INDEX(TABELE!$B$51:$P$61,MATCH($F82,TABELE!$A$51:$A$61,0),MATCH($E82,TABELE!$B$50:$P$50,0))),0)} -> 0 | W82: {=IFERROR(INDEX(BAZA_UWAGI,MATCH($C82,BAZA_EX,0)),"")} | X82: =IF($A82="","",$Z82) | Y82: =IF($A82="",$Y81,LEFT($A82,1)) -> E | Z82: =IF($A82="",$Z81,IF(LEFT($A82,1)=$Y81,$Z81,$Z81+1)) -> 5 | AB82: =IF($C82="","",IF($H82<>"",$H82,IF($H$83="✓ ukończony","OK",""))) | AC82: 1 | AD82: =IF(OR($Q82="masa ciała",$Q82="czas",$Q82="dystans",$Q82="ręczne ustawienie"),MAX(-3,MIN(3,ROUND(($AC82-1)/0.05,0))),0) -> 0
C83: Dzień V — razem | D83: =SUMPRODUCT((C71:C82<>"")*D71:D82)+IF(AND($B$70="TOP SET",$C$70<>""),1,0) | E83: =SUMPRODUCT((C71:C82<>"")*D71:D82*E71:E82)&" powt." -> 0 powt. | G83: ="stres t "&TEXT(SUM(T71:T82),"0.0") -> stres t 0,0
A85: ROZKŁAD STRESU — TYDZIEŃ 1
B86: wzorzec | D86: obciążenie | E86: udział | F86: centr. | G86: obwod. | H86: serie | I86: powt.
B87: przysiad (s) | C87: =IF(MAX($D$87:$D$91)=0,"",REPT("█",ROUND($D87/MAX($D$87:$D$91)*14,0))&REPT("░",14-ROUND($D87/MAX($D$87:$D$91)*14,0))) -> ░░░░░░░░░░░░░░ | D87: =SUMIF(M7:M18,$K87,T7:T18)+SUMIF(M23:M34,$K87,T23:T34)+SUMIF(M39:M50,$K87,T39:T50)+SUMIF(M55:M66,$K87,T55:T66)+SUMIF(M71:M82,$K87,T71:T82) -> 0 | E87: =IF(SUM($D$87:$D$91)=0,"",TEXT($D87/SUM($D$87:$D$91),"0%")) -> 0% | F87: =SUMIF(M7:M18,$K87,U7:U18)+SUMIF(M23:M34,$K87,U23:U34)+SUMIF(M39:M50,$K87,U39:U50)+SUMIF(M55:M66,$K87,U55:U66)+SUMIF(M71:M82,$K87,U71:U82) -> 0 | G87: =SUMIF(M7:M18,$K87,V7:V18)+SUMIF(M23:M34,$K87,V23:V34)+SUMIF(M39:M50,$K87,V39:V50)+SUMIF(M55:M66,$K87,V55:V66)+SUMIF(M71:M82,$K87,V71:V82) -> 0 | H87: =SUMIF($M$7:$M$18,$K87,$D$7:$D$18)+SUMIF($M$23:$M$34,$K87,$D$23:$D$34)+SUMIF($M$39:$M$50,$K87,$D$39:$D$50)+SUMIF($M$55:$M$66,$K87,$D$55:$D$66)+SUMIF($M$71:$M$82,$K87,$D$71:$D$82) -> 0 | I87: =SUMPRODUCT(($M$7:$M$18=$K87)*$D$7:$D$18*$E$7:$E$18)+SUMPRODUCT(($M$23:$M$34=$K87)*$D$23:$D$34*$E$23:$E$34)+SUMPRODUCT(($M$39:$M$50=$K87)*$D$39:$D$50*$E$39:$E$50)+SUMPRODUCT(($M$55:$M$66=$K87)*$D$55:$D$66*$E$55:$E$66)+SUMPRODUCT(($M$71:$M$82=$K87)*$D$71:$D$82*$E$71:$E$82) -> 0 | K87: s
B88: martwy ciąg (d) | C88: =IF(MAX($D$87:$D$91)=0,"",REPT("█",ROUND($D88/MAX($D$87:$D$91)*14,0))&REPT("░",14-ROUND($D88/MAX($D$87:$D$91)*14,0))) -> ░░░░░░░░░░░░░░ | D88: =SUMIF(M7:M18,$K88,T7:T18)+SUMIF(M23:M34,$K88,T23:T34)+SUMIF(M39:M50,$K88,T39:T50)+SUMIF(M55:M66,$K88,T55:T66)+SUMIF(M71:M82,$K88,T71:T82) -> 0 | E88: =IF(SUM($D$87:$D$91)=0,"",TEXT($D88/SUM($D$87:$D$91),"0%")) -> 0% | F88: =SUMIF(M7:M18,$K88,U7:U18)+SUMIF(M23:M34,$K88,U23:U34)+SUMIF(M39:M50,$K88,U39:U50)+SUMIF(M55:M66,$K88,U55:U66)+SUMIF(M71:M82,$K88,U71:U82) -> 0 | G88: =SUMIF(M7:M18,$K88,V7:V18)+SUMIF(M23:M34,$K88,V23:V34)+SUMIF(M39:M50,$K88,V39:V50)+SUMIF(M55:M66,$K88,V55:V66)+SUMIF(M71:M82,$K88,V71:V82) -> 0 | H88: =SUMIF($M$7:$M$18,$K88,$D$7:$D$18)+SUMIF($M$23:$M$34,$K88,$D$23:$D$34)+SUMIF($M$39:$M$50,$K88,$D$39:$D$50)+SUMIF($M$55:$M$66,$K88,$D$55:$D$66)+SUMIF($M$71:$M$82,$K88,$D$71:$D$82) -> 0 | I88: =SUMPRODUCT(($M$7:$M$18=$K88)*$D$7:$D$18*$E$7:$E$18)+SUMPRODUCT(($M$23:$M$34=$K88)*$D$23:$D$34*$E$23:$E$34)+SUMPRODUCT(($M$39:$M$50=$K88)*$D$39:$D$50*$E$39:$E$50)+SUMPRODUCT(($M$55:$M$66=$K88)*$D$55:$D$66*$E$55:$E$66)+SUMPRODUCT(($M$71:$M$82=$K88)*$D$71:$D$82*$E$71:$E$82) -> 0 | K88: d
B89: wyciskanie (b) | C89: =IF(MAX($D$87:$D$91)=0,"",REPT("█",ROUND($D89/MAX($D$87:$D$91)*14,0))&REPT("░",14-ROUND($D89/MAX($D$87:$D$91)*14,0))) -> ░░░░░░░░░░░░░░ | D89: =SUMIF(M7:M18,$K89,T7:T18)+SUMIF(M23:M34,$K89,T23:T34)+SUMIF(M39:M50,$K89,T39:T50)+SUMIF(M55:M66,$K89,T55:T66)+SUMIF(M71:M82,$K89,T71:T82) -> 0 | E89: =IF(SUM($D$87:$D$91)=0,"",TEXT($D89/SUM($D$87:$D$91),"0%")) -> 0% | F89: =SUMIF(M7:M18,$K89,U7:U18)+SUMIF(M23:M34,$K89,U23:U34)+SUMIF(M39:M50,$K89,U39:U50)+SUMIF(M55:M66,$K89,U55:U66)+SUMIF(M71:M82,$K89,U71:U82) -> 0 | G89: =SUMIF(M7:M18,$K89,V7:V18)+SUMIF(M23:M34,$K89,V23:V34)+SUMIF(M39:M50,$K89,V39:V50)+SUMIF(M55:M66,$K89,V55:V66)+SUMIF(M71:M82,$K89,V71:V82) -> 0 | H89: =SUMIF($M$7:$M$18,$K89,$D$7:$D$18)+SUMIF($M$23:$M$34,$K89,$D$23:$D$34)+SUMIF($M$39:$M$50,$K89,$D$39:$D$50)+SUMIF($M$55:$M$66,$K89,$D$55:$D$66)+SUMIF($M$71:$M$82,$K89,$D$71:$D$82) -> 0 | I89: =SUMPRODUCT(($M$7:$M$18=$K89)*$D$7:$D$18*$E$7:$E$18)+SUMPRODUCT(($M$23:$M$34=$K89)*$D$23:$D$34*$E$23:$E$34)+SUMPRODUCT(($M$39:$M$50=$K89)*$D$39:$D$50*$E$39:$E$50)+SUMPRODUCT(($M$55:$M$66=$K89)*$D$55:$D$66*$E$55:$E$66)+SUMPRODUCT(($M$71:$M$82=$K89)*$D$71:$D$82*$E$71:$E$82) -> 0 | K89: b
B90: wiosłowanie (r) | C90: =IF(MAX($D$87:$D$91)=0,"",REPT("█",ROUND($D90/MAX($D$87:$D$91)*14,0))&REPT("░",14-ROUND($D90/MAX($D$87:$D$91)*14,0))) -> ░░░░░░░░░░░░░░ | D90: =SUMIF(M7:M18,$K90,T7:T18)+SUMIF(M23:M34,$K90,T23:T34)+SUMIF(M39:M50,$K90,T39:T50)+SUMIF(M55:M66,$K90,T55:T66)+SUMIF(M71:M82,$K90,T71:T82) -> 0 | E90: =IF(SUM($D$87:$D$91)=0,"",TEXT($D90/SUM($D$87:$D$91),"0%")) -> 0% | F90: =SUMIF(M7:M18,$K90,U7:U18)+SUMIF(M23:M34,$K90,U23:U34)+SUMIF(M39:M50,$K90,U39:U50)+SUMIF(M55:M66,$K90,U55:U66)+SUMIF(M71:M82,$K90,U71:U82) -> 0 | G90: =SUMIF(M7:M18,$K90,V7:V18)+SUMIF(M23:M34,$K90,V23:V34)+SUMIF(M39:M50,$K90,V39:V50)+SUMIF(M55:M66,$K90,V55:V66)+SUMIF(M71:M82,$K90,V71:V82) -> 0 | H90: =SUMIF($M$7:$M$18,$K90,$D$7:$D$18)+SUMIF($M$23:$M$34,$K90,$D$23:$D$34)+SUMIF($M$39:$M$50,$K90,$D$39:$D$50)+SUMIF($M$55:$M$66,$K90,$D$55:$D$66)+SUMIF($M$71:$M$82,$K90,$D$71:$D$82) -> 0 | I90: =SUMPRODUCT(($M$7:$M$18=$K90)*$D$7:$D$18*$E$7:$E$18)+SUMPRODUCT(($M$23:$M$34=$K90)*$D$23:$D$34*$E$23:$E$34)+SUMPRODUCT(($M$39:$M$50=$K90)*$D$39:$D$50*$E$39:$E$50)+SUMPRODUCT(($M$55:$M$66=$K90)*$D$55:$D$66*$E$55:$E$66)+SUMPRODUCT(($M$71:$M$82=$K90)*$D$71:$D$82*$E$71:$E$82) -> 0 | K90: r
B91: core (c) | C91: =IF(MAX($D$87:$D$91)=0,"",REPT("█",ROUND($D91/MAX($D$87:$D$91)*14,0))&REPT("░",14-ROUND($D91/MAX($D$87:$D$91)*14,0))) -> ██████████████ | D91: =SUMIF(M7:M18,$K91,T7:T18)+SUMIF(M23:M34,$K91,T23:T34)+SUMIF(M39:M50,$K91,T39:T50)+SUMIF(M55:M66,$K91,T55:T66)+SUMIF(M71:M82,$K91,T71:T82) -> 1.05 | E91: =IF(SUM($D$87:$D$91)=0,"",TEXT($D91/SUM($D$87:$D$91),"0%")) -> 100% | F91: =SUMIF(M7:M18,$K91,U7:U18)+SUMIF(M23:M34,$K91,U23:U34)+SUMIF(M39:M50,$K91,U39:U50)+SUMIF(M55:M66,$K91,U55:U66)+SUMIF(M71:M82,$K91,U71:U82) -> 0.6 | G91: =SUMIF(M7:M18,$K91,V7:V18)+SUMIF(M23:M34,$K91,V23:V34)+SUMIF(M39:M50,$K91,V39:V50)+SUMIF(M55:M66,$K91,V55:V66)+SUMIF(M71:M82,$K91,V71:V82) -> 1.65 | H91: =SUMIF($M$7:$M$18,$K91,$D$7:$D$18)+SUMIF($M$23:$M$34,$K91,$D$23:$D$34)+SUMIF($M$39:$M$50,$K91,$D$39:$D$50)+SUMIF($M$55:$M$66,$K91,$D$55:$D$66)+SUMIF($M$71:$M$82,$K91,$D$71:$D$82) -> 3 | I91: =SUMPRODUCT(($M$7:$M$18=$K91)*$D$7:$D$18*$E$7:$E$18)+SUMPRODUCT(($M$23:$M$34=$K91)*$D$23:$D$34*$E$23:$E$34)+SUMPRODUCT(($M$39:$M$50=$K91)*$D$39:$D$50*$E$39:$E$50)+SUMPRODUCT(($M$55:$M$66=$K91)*$D$55:$D$66*$E$55:$E$66)+SUMPRODUCT(($M$71:$M$82=$K91)*$D$71:$D$82*$E$71:$E$82) -> 30 | K91: c
B92: dolne / górne | D92: =$D$87+$D$88 -> 0 | E92: =IF(($D92+$N92)=0,"",TEXT($D92/($D92+$N92),"0%")&" / "&TEXT($N92/($D92+$N92),"0%")) | N92: =$D$89+$D$90 -> 0
B93: centralny / obwodowy | D93: =SUM($F$87:$F$91) -> 0.6 | E93: =IF(($D93+$N93)=0,"",TEXT($D93/($D93+$N93),"0%")&" / "&TEXT($N93/($D93+$N93),"0%")) -> 27% / 73% | N93: =SUM($G$87:$G$91) -> 1.65
B94: RAZEM (całkowity) | D94: =SUM($D$87:$D$91) -> 1.05 | H94: =SUM($H$87:$H$91) -> 3 | I94: =SUM($I$87:$I$91) -> 30
A96: TRENING ODDECHOWY — TYDZIEŃ 1
B97: poziom | C97: =IF(ODDECH!$B$5="","— wpisz wynik TWOT w zakładce ODDECH",ODDECH!$B$8) -> — wpisz wynik TWOT w zakładce ODDECH
B98: ile razy w tygodniu | C98: =IF(ODDECH!$B$5="","",ODDECH!$B$9)
B99: blok A — rozgrzewka | C99: =IF(ODDECH!$B$5="","",ODDECH!$B$10)
B100: blok B — praca | C100: =IF(ODDECH!$B$5="","",ODDECH!$B$11)
B101: blok C — wyciszenie | C101: =IF(ODDECH!$B$5="","",ODDECH!$B$12)
B102: uwaga | C102: =IF(ODDECH!$B$5="","",ODDECH!$A$14)
A104: TRENING BIEGOWY — TYDZIEŃ 1
B105: tygodniowo | C105: =IF(OR(BIEG!$B$7="",BIEG!$B$8=""),"— uzupełnij dane w zakładce BIEG","łącznie "&TEXT(SUM(BIEG!$O$32:$O$36),"0.0")&" km · "&SUM(BIEG!$N$32:$N$36)&" min") -> — uzupełnij dane w zakładce BIEG
B106: =IF(N(BIEG!$B$9)>=1,"jednostka 1","") | C106: =IF(OR(BIEG!$B$7="",BIEG!$B$8=""),"",BIEG!$I$32)
B107: =IF(N(BIEG!$B$9)>=2,"jednostka 2","") | C107: =IF(OR(BIEG!$B$7="",BIEG!$B$8=""),"",BIEG!$I$33)
B108: =IF(N(BIEG!$B$9)>=3,"jednostka 3","") | C108: =IF(OR(BIEG!$B$7="",BIEG!$B$8=""),"",BIEG!$I$34)
B109: =IF(N(BIEG!$B$9)>=4,"jednostka 4","") | C109: =IF(OR(BIEG!$B$7="",BIEG!$B$8=""),"",BIEG!$I$35)
...

Sheet T2
A1: TYDZIEŃ 2 z 6
A4: Lp. | C4: ĆWICZENIE | D4: SERIE | E4: POWTÓRZENIA | F4: RPE | G4: CIĘŻAR | H4: ✓ | I4: FILM | J4: KATEGORIE – SZKIELET | AA4: 1RM po nazwie
A5: DZIEŃ I
A6: =IF($B6="TOP SET","▲","") -> ▲ | B6: =IF('T1'!$B6="TOP SET","TOP SET","—") -> TOP SET | C6: =IF(OR($B6<>"TOP SET",$F6=""),"",IF(N($K6)=0,"",IF(INDEX($C$7:$C$18,$K6)="","",INDEX($C$7:$C$18,$K6)))) | D6: =IF(AND($B6="TOP SET",$F6<>""),1,"") | E6: =IF(AND($B6="TOP SET",$F6<>""),"1 powtórzenie","") | F6: 6 | G6: {=IF($B6<>"TOP SET","",IF($C6="","",IF(OR($Q6="masa ciała",$Q6="czas",$Q6="dystans",$Q6="ręczne ustawienie"),"—",IF($C6='T1'!$C6,IF(OR($R6="",$R6=0),"— brak 1RM",MROUND($R6*IFERROR(INDEX(TABELE!$B$4:$J$18,MATCH(1,TABELE!$A$4:$A$18,0),MATCH($F6,TABELE!$B$3:$J$3,0)),0)/100,MAX($P6,0.5))),IF(OR($AA6="",$AA6=0),"— ustaw ręcznie",MROUND($AA6*IFERROR(INDEX(TABELE!$B$4:$J$18,MATCH(1,TABELE!$A$4:$A$18,0),MATCH($F6,TABELE!$B$3:$J$3,0)),0)/100,MAX($P6,0.5)))))))} | K6: =IFERROR(MATCH("A*",$A$7:$A$18,0),0) | P6: =IF(N($K6)=0,"",INDEX($P$7:$P$18,$K6)) | Q6: =IF(N($K6)=0,"",INDEX($Q$7:$Q$18,$K6)) | R6: =IF(N($K6)=0,"",INDEX($R$7:$R$18,$K6)) | AA6: =IF(N($K6)=0,"",INDEX($AA$7:$AA$18,$K6))
A7: =IF('T1'!$A7="","",'T1'!$A7) -> A1. | C7: =IF('T1'!$C7="","",'T1'!$C7) | D7: 5 | E7: 6 | F7: 7 | G7: =IF($C7="","",IF(OR($Q7="masa ciała",$Q7="czas",$Q7="dystans",$Q7="ręczne ustawienie"),$Q7,IF($C7='T1'!$C7,IF(AND(LEFT($A7,1)<>"A",PRZEL_AKCESORIA="trzymaj z bloku"),IF(NOT(ISNUMBER('T1'!$G7)),'T1'!$G7,MROUND('T1'!$G7*$AC7/(MAX('T1'!$AC7,0.0001)),MAX($P7,0.5))),IF(OR($R7="",$R7=0),"— brak 1RM",MROUND($R7*$S7/100*$AC7,MAX($P7,0.5)))),IF(OR($AA7="",$AA7=0),"— ustaw ręcznie",MROUND($AA7*$S7/100*$AC7,MAX($P7,0.5)))))) | I7: {=IFERROR(IF(IFERROR(INDEX(BAZA_FILM,MATCH($C7,BAZA_EX,0)),"")="","",HYPERLINK(IFERROR(INDEX(BAZA_FILM,MATCH($C7,BAZA_EX,0)),""),"film")),"")} | J7: =IF('T1'!$J7="","",'T1'!$J7) | K7: D1-S01 | L7: {=IFERROR(INDEX(BAZA_ID,MATCH($C7,BAZA_EX,0)),"")} | M7: {=IFERROR(INDEX(BAZA_PART,MATCH($C7,BAZA_EX,0)),"")} | N7: {=IFERROR(INDEX(BAZA_KAT,MATCH($C7,BAZA_EX,0)),"")} | O7: {=IFERROR(INDEX(BAZA_COEFF,MATCH($C7,BAZA_EX,0)),"")} | P7: {=IFERROR(INDEX(BAZA_SKOK,MATCH($C7,BAZA_EX,0)),"")} | Q7: {=IFERROR(INDEX(BAZA_PROG,MATCH($C7,BAZA_EX,0)),"")} | R7: =IF($C7="","",IF(SUMPRODUCT((START!$B$6:$B$69=$C7)*(START!$M$6:$M$69>0))=0,"",SUMPRODUCT(MAX((START!$B$6:$B$69=$C7)*START!$M$6:$M$69)))) | S7: {=IFERROR(INDEX(TABELE!$B$4:$J$18,MATCH($E7,TABELE!$A$4:$A$18,0),MATCH($F7,TABELE!$B$3:$J$3,0)),"")} -> 71.5 | T7: {=IFERROR(IF($C7="",0,$O7*$D7*INDEX(TABELE!$B$23:$P$33,MATCH($F7,TABELE!$A$23:$A$33,0),MATCH($E7,TABELE!$B$22:$P$22,0))),0)} -> 0 | U7: {=IFERROR(IF($C7="",0,$O7*$D7*INDEX(TABELE!$B$37:$P$47,MATCH($F7,TABELE!$A$37:$A$47,0),MATCH($E7,TABELE!$B$36:$P$36,0))),0)} -> 0 | V7: {=IFERROR(IF($C7="",0,$O7*$D7*INDEX(TABELE!$B$51:$P$61,MATCH($F7,TABELE!$A$51:$A$61,0),MATCH($E7,TABELE!$B$50:$P$50,0))),0)} -> 0 | W7: {=IFERROR(INDEX(BAZA_UWAGI,MATCH($C7,BAZA_EX,0)),"")} | X7: =IF($A7="","",$Z7) -> 1 | Y7: =IF($A7="","",LEFT($A7,1)) -> A | Z7: =IF($A7="",0,1) -> 1 | AA7: =IF($C7="","",IF(SUMPRODUCT((START!$B$6:$B$69=$C7)*(START!$M$6:$M$69>0))=0,"",SUMPRODUCT(MAX((START!$B$6:$B$69=$C7)*START!$M$6:$M$69)))) | AB7: =IF($C7="","",IF($H7<>"",$H7,IF($H$19="✓ ukończony","OK",""))) | AC7: =MAX(0.85,MIN(1.15,1+0.05*(COUNTIF('T1'!$AB7,"za łatwe"))-0.05*(COUNTIF('T1'!$AB7,"za trudne")))) -> 1 | AD7: =IF(OR($Q7="masa ciała",$Q7="czas",$Q7="dystans",$Q7="ręczne ustawienie"),MAX(-3,MIN(3,ROUND(($AC7-1)/0.05,0))),0) -> 0
A8: =IF('T1'!$A8="","",'T1'!$A8) -> B1. | C8: =IF('T1'!$C8="","",'T1'!$C8) -> Allah | D8: 3 | E8: =IF($C8="",0,MIN(15,MAX(1,IF(N($O8)>=1,6,IF(N($O8)>=0.75,IF(PRZEL_CZESC="część 1 (objętość)",8,6),IF(PRZEL_CZESC="część 1 (objętość)",10,8)))+1+$AD8))) -> 11 | F8: 8 | G8: =IF($C8="","",IF(OR($Q8="masa ciała",$Q8="czas",$Q8="dystans",$Q8="ręczne ustawienie"),$Q8,IF($C8='T1'!$C8,IF(AND(LEFT($A8,1)<>"A",PRZEL_AKCESORIA="trzymaj z bloku"),IF(NOT(ISNUMBER('T1'!$G8)),'T1'!$G8,MROUND('T1'!$G8*$AC8/(MAX('T1'!$AC8,0.0001)),MAX($P8,0.5))),IF(OR($R8="",$R8=0),"— brak 1RM",MROUND($R8*$S8/100*$AC8,MAX($P8,0.5)))),IF(OR($AA8="",$AA8=0),"— ustaw ręcznie",MROUND($AA8*$S8/100*$AC8,MAX($P8,0.5)))))) | I8: {=IFERROR(IF(IFERROR(INDEX(BAZA_FILM,MATCH($C8,BAZA_EX,0)),"")="","",HYPERLINK(IFERROR(INDEX(BAZA_FILM,MATCH($C8,BAZA_EX,0)),""),"film")),"")} -> film | J8: =IF('T1'!$J8="","",'T1'!$J8) | K8: D1-S02 | L8: {=IFERROR(INDEX(BAZA_ID,MATCH($C8,BAZA_EX,0)),"")} -> EX-0003 | M8: {=IFERROR(INDEX(BAZA_PART,MATCH($C8,BAZA_EX,0)),"")} -> c | N8: {=IFERROR(INDEX(BAZA_KAT,MATCH($C8,BAZA_EX,0)),"")} -> Core | O8: {=IFERROR(INDEX(BAZA_COEFF,MATCH($C8,BAZA_EX,0)),"")} -> 0.5 | P8: {=IFERROR(INDEX(BAZA_SKOK,MATCH($C8,BAZA_EX,0)),"")} -> 2.5 | Q8: {=IFERROR(INDEX(BAZA_PROG,MATCH($C8,BAZA_EX,0)),"")} -> kg | R8: =IF($C8="","",IF(SUMPRODUCT((START!$B$6:$B$69=$C8)*(START!$M$6:$M$69>0))=0,"",SUMPRODUCT(MAX((START!$B$6:$B$69=$C8)*START!$M$6:$M$69)))) | S8: {=IFERROR(INDEX(TABELE!$B$4:$J$18,MATCH($E8,TABELE!$A$4:$A$18,0),MATCH($F8,TABELE!$B$3:$J$3,0)),"")} -> 64.5 | T8: {=IFERROR(IF($C8="",0,$O8*$D8*INDEX(TABELE!$B$23:$P$33,MATCH($F8,TABELE!$A$23:$A$33,0),MATCH($E8,TABELE!$B$22:$P$22,0))),0)} -> 1.05 | U8: {=IFERROR(IF($C8="",0,$O8*$D8*INDEX(TABELE!$B$37:$P$47,MATCH($F8,TABELE!$A$37:$A$47,0),MATCH($E8,TABELE!$B$36:$P$36,0))),0)} -> 0.45 | V8: {=IFERROR(IF($C8="",0,$O8*$D8*INDEX(TABELE!$B$51:$P$61,MATCH($F8,TABELE!$A$51:$A$61,0),MATCH($E8,TABELE!$B$50:$P$50,0))),0)} -> 1.65 | W8: {=IFERROR(INDEX(BAZA_UWAGI,MATCH($C8,BAZA_EX,0)),"")} | X8: =IF($A8="","",$Z8) -> 2 | Y8: =IF($A8="",$Y7,LEFT($A8,1)) -> B | Z8: =IF($A8="",$Z7,IF(LEFT($A8,1)=$Y7,$Z7,$Z7+1)) -> 2 | AA8: =IF($C8="","",IF(SUMPRODUCT((START!$B$6:$B$69=$C8)*(START!$M$6:$M$69>0))=0,"",SUMPRODUCT(MAX((START!$B$6:$B$69=$C8)*START!$M$6:$M$69)))) | AB8: =IF($C8="","",IF($H8<>"",$H8,IF($H$19="✓ ukończony","OK",""))) | AC8: =MAX(0.85,MIN(1.15,1+0.05*(COUNTIF('T1'!$AB8,"za łatwe"))-0.05*(COUNTIF('T1'!$AB8,"za trudne")))) -> 1 | AD8: =IF(OR($Q8="masa ciała",$Q8="czas",$Q8="dystans",$Q8="ręczne ustawienie"),MAX(-3,MIN(3,ROUND(($AC8-1)/0.05,0))),0) -> 0
A9: =IF('T1'!$A9="","",'T1'!$A9) -> B2. | C9: =IF('T1'!$C9="","",'T1'!$C9) | D9: 3 | E9: =IF($C9="",0,MIN(15,MAX(1,IF(N($O9)>=1,6,IF(N($O9)>=0.75,IF(PRZEL_CZESC="część 1 (objętość)",8,6),IF(PRZEL_CZESC="część 1 (objętość)",10,8)))+1+$AD9))) -> 0 | F9: 8 | G9: =IF($C9="","",IF(OR($Q9="masa ciała",$Q9="czas",$Q9="dystans",$Q9="ręczne ustawienie"),$Q9,IF($C9='T1'!$C9,IF(AND(LEFT($A9,1)<>"A",PRZEL_AKCESORIA="trzymaj z bloku"),IF(NOT(ISNUMBER('T1'!$G9)),'T1'!$G9,MROUND('T1'!$G9*$AC9/(MAX('T1'!$AC9,0.0001)),MAX($P9,0.5))),IF(OR($R9="",$R9=0),"— brak 1RM",MROUND($R9*$S9/100*$AC9,MAX($P9,0.5)))),IF(OR($AA9="",$AA9=0),"— ustaw ręcznie",MROUND($AA9*$S9/100*$AC9,MAX($P9,0.5)))))) | I9: {=IFERROR(IF(IFERROR(INDEX(BAZA_FILM,MATCH($C9,BAZA_EX,0)),"")="","",HYPERLINK(IFERROR(INDEX(BAZA_FILM,MATCH($C9,BAZA_EX,0)),""),"film")),"")} | J9: =IF('T1'!$J9="","",'T1'!$J9) | K9: D1-S03 | L9: {=IFERROR(INDEX(BAZA_ID,MATCH($C9,BAZA_EX,0)),"")} | M9: {=IFERROR(INDEX(BAZA_PART,MATCH($C9,BAZA_EX,0)),"")} | N9: {=IFERROR(INDEX(BAZA_KAT,MATCH($C9,BAZA_EX,0)),"")} | O9: {=IFERROR(INDEX(BAZA_COEFF,MATCH($C9,BAZA_EX,0)),"")} | P9: {=IFERROR(INDEX(BAZA_SKOK,MATCH($C9,BAZA_EX,0)),"")} | Q9: {=IFERROR(INDEX(BAZA_PROG,MATCH($C9,BAZA_EX,0)),"")} | R9: =IF($C9="","",IF(SUMPRODUCT((START!$B$6:$B$69=$C9)*(START!$M$6:$M$69>0))=0,"",SUMPRODUCT(MAX((START!$B$6:$B$69=$C9)*START!$M$6:$M$69)))) | S9: {=IFERROR(INDEX(TABELE!$B$4:$J$18,MATCH($E9,TABELE!$A$4:$A$18,0),MATCH($F9,TABELE!$B$3:$J$3,0)),"")} | T9: {=IFERROR(IF($C9="",0,$O9*$D9*INDEX(TABELE!$B$23:$P$33,MATCH($F9,TABELE!$A$23:$A$33,0),MATCH($E9,TABELE!$B$22:$P$22,0))),0)} -> 0 | U9: {=IFERROR(IF($C9="",0,$O9*$D9*INDEX(TABELE!$B$37:$P$47,MATCH($F9,TABELE!$A$37:$A$47,0),MATCH($E9,TABELE!$B$36:$P$36,0))),0)} -> 0 | V9: {=IFERROR(IF($C9="",0,$O9*$D9*INDEX(TABELE!$B$51:$P$61,MATCH($F9,TABELE!$A$51:$A$61,0),MATCH($E9,TABELE!$B$50:$P$50,0))),0)} -> 0 | W9: {=IFERROR(INDEX(BAZA_UWAGI,MATCH($C9,BAZA_EX,0)),"")} | X9: =IF($A9="","",$Z9) -> 2 | Y9: =IF($A9="",$Y8,LEFT($A9,1)) -> B | Z9: =IF($A9="",$Z8,IF(LEFT($A9,1)=$Y8,$Z8,$Z8+1)) -> 2 | AA9: =IF($C9="","",IF(SUMPRODUCT((START!$B$6:$B$69=$C9)*(START!$M$6:$M$69>0))=0,"",SUMPRODUCT(MAX((START!$B$6:$B$69=$C9)*START!$M$6:$M$69)))) | AB9: =IF($C9="","",IF($H9<>"",$H9,IF($H$19="✓ ukończony","OK",""))) | AC9: =MAX(0.85,MIN(1.15,1+0.05*(COUNTIF('T1'!$AB9,"za łatwe"))-0.05*(COUNTIF('T1'!$AB9,"za trudne")))) -> 1 | AD9: =IF(OR($Q9="masa ciała",$Q9="czas",$Q9="dystans",$Q9="ręczne ustawienie"),MAX(-3,MIN(3,ROUND(($AC9-1)/0.05,0))),0) -> 0
A10: =IF('T1'!$A10="","",'T1'!$A10) -> C1. | C10: =IF('T1'!$C10="","",'T1'!$C10) | D10: 3 | E10: =IF($C10="",0,MIN(15,MAX(1,IF(N($O10)>=1,6,IF(N($O10)>=0.75,IF(PRZEL_CZESC="część 1 (objętość)",8,6),IF(PRZEL_CZESC="część 1 (objętość)",10,8)))+1+$AD10))) -> 0 | F10: 8 | G10: =IF($C10="","",IF(OR($Q10="masa ciała",$Q10="czas",$Q10="dystans",$Q10="ręczne ustawienie"),$Q10,IF($C10='T1'!$C10,IF(AND(LEFT($A10,1)<>"A",PRZEL_AKCESORIA="trzymaj z bloku"),IF(NOT(ISNUMBER('T1'!$G10)),'T1'!$G10,MROUND('T1'!$G10*$AC10/(MAX('T1'!$AC10,0.0001)),MAX($P10,0.5))),IF(OR($R10="",$R10=0),"— brak 1RM",MROUND($R10*$S10/100*$AC10,MAX($P10,0.5)))),IF(OR($AA10="",$AA10=0),"— ustaw ręcznie",MROUND($AA10*$S10/100*$AC10,MAX($P10,0.5)))))) | I10: {=IFERROR(IF(IFERROR(INDEX(BAZA_FILM,MATCH($C10,BAZA_EX,0)),"")="","",HYPERLINK(IFERROR(INDEX(BAZA_FILM,MATCH($C10,BAZA_EX,0)),""),"film")),"")} | J10: =IF('T1'!$J10="","",'T1'!$J10) | K10: D1-S04 | L10: {=IFERROR(INDEX(BAZA_ID,MATCH($C10,BAZA_EX,0)),"")} | M10: {=IFERROR(INDEX(BAZA_PART,MATCH($C10,BAZA_EX,0)),"")} | N10: {=IFERROR(INDEX(BAZA_KAT,MATCH($C10,BAZA_EX,0)),"")} | O10: {=IFERROR(INDEX(BAZA_COEFF,MATCH($C10,BAZA_EX,0)),"")} | P10: {=IFERROR(INDEX(BAZA_SKOK,MATCH($C10,BAZA_EX,0)),"")} | Q10: {=IFERROR(INDEX(BAZA_PROG,MATCH($C10,BAZA_EX,0)),"")} | R10: =IF($C10="","",IF(SUMPRODUCT((START!$B$6:$B$69=$C10)*(START!$M$6:$M$69>0))=0,"",SUMPRODUCT(MAX((START!$B$6:$B$69=$C10)*START!$M$6:$M$69)))) | S10: {=IFERROR(INDEX(TABELE!$B$4:$J$18,MATCH($E10,TABELE!$A$4:$A$18,0),MATCH($F10,TABELE!$B$3:$J$3,0)),"")} | T10: {=IFERROR(IF($C10="",0,$O10*$D10*INDEX(TABELE!$B$23:$P$33,MATCH($F10,TABELE!$A$23:$A$33,0),MATCH($E10,TABELE!$B$22:$P$22,0))),0)} -> 0 | U10: {=IFERROR(IF($C10="",0,$O10*$D10*INDEX(TABELE!$B$37:$P$47,MATCH($F10,TABELE!$A$37:$A$47,0),MATCH($E10,TABELE!$B$36:$P$36,0))),0)} -> 0 | V10: {=IFERROR(IF($C10="",0,$O10*$D10*INDEX(TABELE!$B$51:$P$61,MATCH($F10,TABELE!$A$51:$A$61,0),MATCH($E10,TABELE!$B$50:$P$50,0))),0)} -> 0 | W10: {=IFERROR(INDEX(BAZA_UWAGI,MATCH($C10,BAZA_EX,0)),"")} | X10: =IF($A10="","",$Z10) -> 3 | Y10: =IF($A10="",$Y9,LEFT($A10,1)) -> C | Z10: =IF($A10="",$Z9,IF(LEFT($A10,1)=$Y9,$Z9,$Z9+1)) -> 3 | AA10: =IF($C10="","",IF(SUMPRODUCT((START!$B$6:$B$69=$C10)*(START!$M$6:$M$69>0))=0,"",SUMPRODUCT(MAX((START!$B$6:$B$69=$C10)*START!$M$6:$M$69)))) | AB10: =IF($C10="","",IF($H10<>"",$H10,IF($H$19="✓ ukończony","OK",""))) | AC10: =MAX(0.85,MIN(1.15,1+0.05*(COUNTIF('T1'!$AB10,"za łatwe"))-0.05*(COUNTIF('T1'!$AB10,"za trudne")))) -> 1 | AD10: =IF(OR($Q10="masa ciała",$Q10="czas",$Q10="dystans",$Q10="ręczne ustawienie"),MAX(-3,MIN(3,ROUND(($AC10-1)/0.05,0))),0) -> 0
A11: =IF('T1'!$A11="","",'T1'!$A11) -> C2. | C11: =IF('T1'!$C11="","",'T1'!$C11) | D11: 3 | E11: =IF($C11="",0,MIN(15,MAX(1,IF(N($O11)>=1,6,IF(N($O11)>=0.75,IF(PRZEL_CZESC="część 1 (objętość)",8,6),IF(PRZEL_CZESC="część 1 (objętość)",10,8)))+1+$AD11))) -> 0 | F11: 9 | G11: =IF($C11="","",IF(OR($Q11="masa ciała",$Q11="czas",$Q11="dystans",$Q11="ręczne ustawienie"),$Q11,IF($C11='T1'!$C11,IF(AND(LEFT($A11,1)<>"A",PRZEL_AKCESORIA="trzymaj z bloku"),IF(NOT(ISNUMBER('T1'!$G11)),'T1'!$G11,MROUND('T1'!$G11*$AC11/(MAX('T1'!$AC11,0.0001)),MAX($P11,0.5))),IF(OR($R11="",$R11=0),"— brak 1RM",MROUND($R11*$S11/100*$AC11,MAX($P11,0.5)))),IF(OR($AA11="",$AA11=0),"— ustaw ręcznie",MROUND($AA11*$S11/100*$AC11,MAX($P11,0.5)))))) | I11: {=IFERROR(IF(IFERROR(INDEX(BAZA_FILM,MATCH($C11,BAZA_EX,0)),"")="","",HYPERLINK(IFERROR(INDEX(BAZA_FILM,MATCH($C11,BAZA_EX,0)),""),"film")),"")} | J11: =IF('T1'!$J11="","",'T1'!$J11) | K11: D1-S05 | L11: {=IFERROR(INDEX(BAZA_ID,MATCH($C11,BAZA_EX,0)),"")} | M11: {=IFERROR(INDEX(BAZA_PART,MATCH($C11,BAZA_EX,0)),"")} | N11: {=IFERROR(INDEX(BAZA_KAT,MATCH($C11,BAZA_EX,0)),"")} | O11: {=IFERROR(INDEX(BAZA_COEFF,MATCH($C11,BAZA_EX,0)),"")} | P11: {=IFERROR(INDEX(BAZA_SKOK,MATCH($C11,BAZA_EX,0)),"")} | Q11: {=IFERROR(INDEX(BAZA_PROG,MATCH($C11,BAZA_EX,0)),"")} | R11: =IF($C11="","",IF(SUMPRODUCT((START!$B$6:$B$69=$C11)*(START!$M$6:$M$69>0))=0,"",SUMPRODUCT(MAX((START!$B$6:$B$69=$C11)*START!$M$6:$M$69)))) | S11: {=IFERROR(INDEX(TABELE!$B$4:$J$18,MATCH($E11,TABELE!$A$4:$A$18,0),MATCH($F11,TABELE!$B$3:$J$3,0)),"")} | T11: {=IFERROR(IF($C11="",0,$O11*$D11*INDEX(TABELE!$B$23:$P$33,MATCH($F11,TABELE!$A$23:$A$33,0),MATCH($E11,TABELE!$B$22:$P$22,0))),0)} -> 0 | U11: {=IFERROR(IF($C11="",0,$O11*$D11*INDEX(TABELE!$B$37:$P$47,MATCH($F11,TABELE!$A$37:$A$47,0),MATCH($E11,TABELE!$B$36:$P$36,0))),0)} -> 0 | V11: {=IFERROR(IF($C11="",0,$O11*$D11*INDEX(TABELE!$B$51:$P$61,MATCH($F11,TABELE!$A$51:$A$61,0),MATCH($E11,TABELE!$B$50:$P$50,0))),0)} -> 0 | W11: {=IFERROR(INDEX(BAZA_UWAGI,MATCH($C11,BAZA_EX,0)),"")} | X11: =IF($A11="","",$Z11) -> 3 | Y11: =IF($A11="",$Y10,LEFT($A11,1)) -> C | Z11: =IF($A11="",$Z10,IF(LEFT($A11,1)=$Y10,$Z10,$Z10+1)) -> 3 | AA11: =IF($C11="","",IF(SUMPRODUCT((START!$B$6:$B$69=$C11)*(START!$M$6:$M$69>0))=0,"",SUMPRODUCT(MAX((START!$B$6:$B$69=$C11)*START!$M$6:$M$69)))) | AB11: =IF($C11="","",IF($H11<>"",$H11,IF($H$19="✓ ukończony","OK",""))) | AC11: =MAX(0.85,MIN(1.15,1+0.05*(COUNTIF('T1'!$AB11,"za łatwe"))-0.05*(COUNTIF('T1'!$AB11,"za trudne")))) -> 1 | AD11: =IF(OR($Q11="masa ciała",$Q11="czas",$Q11="dystans",$Q11="ręczne ustawienie"),MAX(-3,MIN(3,ROUND(($AC11-1)/0.05,0))),0) -> 0
A12: =IF('T1'!$A12="","",'T1'!$A12) -> D1. | C12: =IF('T1'!$C12="","",'T1'!$C12) | D12: 3 | E12: =IF($C12="",0,MIN(15,MAX(1,IF(N($O12)>=1,6,IF(N($O12)>=0.75,IF(PRZEL_CZESC="część 1 (objętość)",8,6),IF(PRZEL_CZESC="część 1 (objętość)",10,8)))+1+$AD12))) -> 0 | F12: 8 | G12: =IF($C12="","",IF(OR($Q12="masa ciała",$Q12="czas",$Q12="dystans",$Q12="ręczne ustawienie"),$Q12,IF($C12='T1'!$C12,IF(AND(LEFT($A12,1)<>"A",PRZEL_AKCESORIA="trzymaj z bloku"),IF(NOT(ISNUMBER('T1'!$G12)),'T1'!$G12,MROUND('T1'!$G12*$AC12/(MAX('T1'!$AC12,0.0001)),MAX($P12,0.5))),IF(OR($R12="",$R12=0),"— brak 1RM",MROUND($R12*$S12/100*$AC12,MAX($P12,0.5)))),IF(OR($AA12="",$AA12=0),"— ustaw ręcznie",MROUND($AA12*$S12/100*$AC12,MAX($P12,0.5)))))) | I12: {=IFERROR(IF(IFERROR(INDEX(BAZA_FILM,MATCH($C12,BAZA_EX,0)),"")="","",HYPERLINK(IFERROR(INDEX(BAZA_FILM,MATCH($C12,BAZA_EX,0)),""),"film")),"")} | J12: =IF('T1'!$J12="","",'T1'!$J12) | K12: D1-S06 | L12: {=IFERROR(INDEX(BAZA_ID,MATCH($C12,BAZA_EX,0)),"")} | M12: {=IFERROR(INDEX(BAZA_PART,MATCH($C12,BAZA_EX,0)),"")} | N12: {=IFERROR(INDEX(BAZA_KAT,MATCH($C12,BAZA_EX,0)),"")} | O12: {=IFERROR(INDEX(BAZA_COEFF,MATCH($C12,BAZA_EX,0)),"")} | P12: {=IFERROR(INDEX(BAZA_SKOK,MATCH($C12,BAZA_EX,0)),"")} | Q12: {=IFERROR(INDEX(BAZA_PROG,MATCH($C12,BAZA_EX,0)),"")} | R12: =IF($C12="","",IF(SUMPRODUCT((START!$B$6:$B$69=$C12)*(START!$M$6:$M$69>0))=0,"",SUMPRODUCT(MAX((START!$B$6:$B$69=$C12)*START!$M$6:$M$69)))) | S12: {=IFERROR(INDEX(TABELE!$B$4:$J$18,MATCH($E12,TABELE!$A$4:$A$18,0),MATCH($F12,TABELE!$B$3:$J$3,0)),"")} | T12: {=IFERROR(IF($C12="",0,$O12*$D12*INDEX(TABELE!$B$23:$P$33,MATCH($F12,TABELE!$A$23:$A$33,0),MATCH($E12,TABELE!$B$22:$P$22,0))),0)} -> 0 | U12: {=IFERROR(IF($C12="",0,$O12*$D12*INDEX(TABELE!$B$37:$P$47,MATCH($F12,TABELE!$A$37:$A$47,0),MATCH($E12,TABELE!$B$36:$P$36,0))),0)} -> 0 | V12: {=IFERROR(IF($C12="",0,$O12*$D12*INDEX(TABELE!$B$51:$P$61,MATCH($F12,TABELE!$A$51:$A$61,0),MATCH($E12,TABELE!$B$50:$P$50,0))),0)} -> 0 | W12: {=IFERROR(INDEX(BAZA_UWAGI,MATCH($C12,BAZA_EX,0)),"")} | X12: =IF($A12="","",$Z12) -> 4 | Y12: =IF($A12="",$Y11,LEFT($A12,1)) -> D | Z12: =IF($A12="",$Z11,IF(LEFT($A12,1)=$Y11,$Z11,$Z11+1)) -> 4 | AA12: =IF($C12="","",IF(SUMPRODUCT((START!$B$6:$B$69=$C12)*(START!$M$6:$M$69>0))=0,"",SUMPRODUCT(MAX((START!$B$6:$B$69=$C12)*START!$M$6:$M$69)))) | AB12: =IF($C12="","",IF($H12<>"",$H12,IF($H$19="✓ ukończony","OK",""))) | AC12: =MAX(0.85,MIN(1.15,1+0.05*(COUNTIF('T1'!$AB12,"za łatwe"))-0.05*(COUNTIF('T1'!$AB12,"za trudne")))) -> 1 | AD12: =IF(OR($Q12="masa ciała",$Q12="czas",$Q12="dystans",$Q12="ręczne ustawienie"),MAX(-3,MIN(3,ROUND(($AC12-1)/0.05,0))),0) -> 0
A13: =IF('T1'!$A13="","",'T1'!$A13) -> D2. | C13: =IF('T1'!$C13="","",'T1'!$C13) | D13: 3 | E13: =IF($C13="",0,MIN(15,MAX(1,IF(N($O13)>=1,6,IF(N($O13)>=0.75,IF(PRZEL_CZESC="część 1 (objętość)",8,6),IF(PRZEL_CZESC="część 1 (objętość)",10,8)))+1+$AD13))) -> 0 | F13: 9 | G13: =IF($C13="","",IF(OR($Q13="masa ciała",$Q13="czas",$Q13="dystans",$Q13="ręczne ustawienie"),$Q13,IF($C13='T1'!$C13,IF(AND(LEFT($A13,1)<>"A",PRZEL_AKCESORIA="trzymaj z bloku"),IF(NOT(ISNUMBER('T1'!$G13)),'T1'!$G13,MROUND('T1'!$G13*$AC13/(MAX('T1'!$AC13,0.0001)),MAX($P13,0.5))),IF(OR($R13="",$R13=0),"— brak 1RM",MROUND($R13*$S13/100*$AC13,MAX($P13,0.5)))),IF(OR($AA13="",$AA13=0),"— ustaw ręcznie",MROUND($AA13*$S13/100*$AC13,MAX($P13,0.5)))))) | I13: {=IFERROR(IF(IFERROR(INDEX(BAZA_FILM,MATCH($C13,BAZA_EX,0)),"")="","",HYPERLINK(IFERROR(INDEX(BAZA_FILM,MATCH($C13,BAZA_EX,0)),""),"film")),"")} | J13: =IF('T1'!$J13="","",'T1'!$J13) | K13: D1-S07 | L13: {=IFERROR(INDEX(BAZA_ID,MATCH($C13,BAZA_EX,0)),"")} | M13: {=IFERROR(INDEX(BAZA_PART,MATCH($C13,BAZA_EX,0)),"")} | N13: {=IFERROR(INDEX(BAZA_KAT,MATCH($C13,BAZA_EX,0)),"")} | O13: {=IFERROR(INDEX(BAZA_COEFF,MATCH($C13,BAZA_EX,0)),"")} | P13: {=IFERROR(INDEX(BAZA_SKOK,MATCH($C13,BAZA_EX,0)),"")} | Q13: {=IFERROR(INDEX(BAZA_PROG,MATCH($C13,BAZA_EX,0)),"")} | R13: =IF($C13="","",IF(SUMPRODUCT((START!$B$6:$B$69=$C13)*(START!$M$6:$M$69>0))=0,"",SUMPRODUCT(MAX((START!$B$6:$B$69=$C13)*START!$M$6:$M$69)))) | S13: {=IFERROR(INDEX(TABELE!$B$4:$J$18,MATCH($E13,TABELE!$A$4:$A$18,0),MATCH($F13,TABELE!$B$3:$J$3,0)),"")} | T13: {=IFERROR(IF($C13="",0,$O13*$D13*INDEX(TABELE!$B$23:$P$33,MATCH($F13,TABELE!$A$23:$A$33,0),MATCH($E13,TABELE!$B$22:$P$22,0))),0)} -> 0 | U13: {=IFERROR(IF($C13="",0,$O13*$D13*INDEX(TABELE!$B$37:$P$47,MATCH($F13,TABELE!$A$37:$A$47,0),MATCH($E13,TABELE!$B$36:$P$36,0))),0)} -> 0 | V13: {=IFERROR(IF($C13="",0,$O13*$D13*INDEX(TABELE!$B$51:$P$61,MATCH($F13,TABELE!$A$51:$A$61,0),MATCH($E13,TABELE!$B$50:$P$50,0))),0)} -> 0 | W13: {=IFERROR(INDEX(BAZA_UWAGI,MATCH($C13,BAZA_EX,0)),"")} | X13: =IF($A13="","",$Z13) -> 4 | Y13: =IF($A13="",$Y12,LEFT($A13,1)) -> D | Z13: =IF($A13="",$Z12,IF(LEFT($A13,1)=$Y12,$Z12,$Z12+1)) -> 4 | AA13: =IF($C13="","",IF(SUMPRODUCT((START!$B$6:$B$69=$C13)*(START!$M$6:$M$69>0))=0,"",SUMPRODUCT(MAX((START!$B$6:$B$69=$C13)*START!$M$6:$M$69)))) | AB13: =IF($C13="","",IF($H13<>"",$H13,IF($H$19="✓ ukończony","OK",""))) | AC13: =MAX(0.85,MIN(1.15,1+0.05*(COUNTIF('T1'!$AB13,"za łatwe"))-0.05*(COUNTIF('T1'!$AB13,"za trudne")))) -> 1 | AD13: =IF(OR($Q13="masa ciała",$Q13="czas",$Q13="dystans",$Q13="ręczne ustawienie"),MAX(-3,MIN(3,ROUND(($AC13-1)/0.05,0))),0) -> 0
A14: =IF('T1'!$A14="","",'T1'!$A14) -> E1. | C14: =IF('T1'!$C14="","",'T1'!$C14) | E14: =IF($C14="",0,MIN(15,MAX(1,IF(N($O14)>=1,6,IF(N($O14)>=0.75,IF(PRZEL_CZESC="część 1 (objętość)",8,6),IF(PRZEL_CZESC="część 1 (objętość)",10,8)))+1+$AD14))) -> 0 | G14: =IF($C14="","",IF(OR($Q14="masa ciała",$Q14="czas",$Q14="dystans",$Q14="ręczne ustawienie"),$Q14,IF($C14='T1'!$C14,IF(AND(LEFT($A14,1)<>"A",PRZEL_AKCESORIA="trzymaj z bloku"),IF(NOT(ISNUMBER('T1'!$G14)),'T1'!$G14,MROUND('T1'!$G14*$AC14/(MAX('T1'!$AC14,0.0001)),MAX($P14,0.5))),IF(OR($R14="",$R14=0),"— brak 1RM",MROUND($R14*$S14/100*$AC14,MAX($P14,0.5)))),IF(OR($AA14="",$AA14=0),"— ustaw ręcznie",MROUND($AA14*$S14/100*$AC14,MAX($P14,0.5)))))) | I14: {=IFERROR(IF(IFERROR(INDEX(BAZA_FILM,MATCH($C14,BAZA_EX,0)),"")="","",HYPERLINK(IFERROR(INDEX(BAZA_FILM,MATCH($C14,BAZA_EX,0)),""),"film")),"")} | J14: =IF('T1'!$J14="","",'T1'!$J14) | K14: D1-S08 | L14: {=IFERROR(INDEX(BAZA_ID,MATCH($C14,BAZA_EX,0)),"")} | M14: {=IFERROR(INDEX(BAZA_PART,MATCH($C14,BAZA_EX,0)),"")} | N14: {=IFERROR(INDEX(BAZA_KAT,MATCH($C14,BAZA_EX,0)),"")} | O14: {=IFERROR(INDEX(BAZA_COEFF,MATCH($C14,BAZA_EX,0)),"")} | P14: {=IFERROR(INDEX(BAZA_SKOK,MATCH($C14,BAZA_EX,0)),"")} | Q14: {=IFERROR(INDEX(BAZA_PROG,MATCH($C14,BAZA_EX,0)),"")} | R14: =IF($C14="","",IF(SUMPRODUCT((START!$B$6:$B$69=$C14)*(START!$M$6:$M$69>0))=0,"",SUMPRODUCT(MAX((START!$B$6:$B$69=$C14)*START!$M$6:$M$69)))) | S14: {=IFERROR(INDEX(TABELE!$B$4:$J$18,MATCH($E14,TABELE!$A$4:$A$18,0),MATCH($F14,TABELE!$B$3:$J$3,0)),"")} | T14: {=IFERROR(IF($C14="",0,$O14*$D14*INDEX(TABELE!$B$23:$P$33,MATCH($F14,TABELE!$A$23:$A$33,0),MATCH($E14,TABELE!$B$22:$P$22,0))),0)} -> 0 | U14: {=IFERROR(IF($C14="",0,$O14*$D14*INDEX(TABELE!$B$37:$P$47,MATCH($F14,TABELE!$A$37:$A$47,0),MATCH($E14,TABELE!$B$36:$P$36,0))),0)} -> 0 | V14: {=IFERROR(IF($C14="",0,$O14*$D14*INDEX(TABELE!$B$51:$P$61,MATCH($F14,TABELE!$A$51:$A$61,0),MATCH($E14,TABELE!$B$50:$P$50,0))),0)} -> 0 | W14: {=IFERROR(INDEX(BAZA_UWAGI,MATCH($C14,BAZA_EX,0)),"")} | X14: =IF($A14="","",$Z14) -> 5 | Y14: =IF($A14="",$Y13,LEFT($A14,1)) -> E | Z14: =IF($A14="",$Z13,IF(LEFT($A14,1)=$Y13,$Z13,$Z13+1)) -> 5 | AA14: =IF($C14="","",IF(SUMPRODUCT((START!$B$6:$B$69=$C14)*(START!$M$6:$M$69>0))=0,"",SUMPRODUCT(MAX((START!$B$6:$B$69=$C14)*START!$M$6:$M$69)))) | AB14: =IF($C14="","",IF($H14<>"",$H14,IF($H$19="✓ ukończony","OK",""))) | AC14: =MAX(0.85,MIN(1.15,1+0.05*(COUNTIF('T1'!$AB14,"za łatwe"))-0.05*(COUNTIF('T1'!$AB14,"za trudne")))) -> 1 | AD14: =IF(OR($Q14="masa ciała",$Q14="czas",$Q14="dystans",$Q14="ręczne ustawienie"),MAX(-3,MIN(3,ROUND(($AC14-1)/0.05,0))),0) -> 0
A15: =IF('T1'!$A15="","",'T1'!$A15) -> E2. | C15: =IF('T1'!$C15="","",'T1'!$C15) | E15: =IF($C15="",0,MIN(15,MAX(1,IF(N($O15)>=1,6,IF(N($O15)>=0.75,IF(PRZEL_CZESC="część 1 (objętość)",8,6),IF(PRZEL_CZESC="część 1 (objętość)",10,8)))+1+$AD15))) -> 0 | G15: =IF($C15="","",IF(OR($Q15="masa ciała",$Q15="czas",$Q15="dystans",$Q15="ręczne ustawienie"),$Q15,IF($C15='T1'!$C15,IF(AND(LEFT($A15,1)<>"A",PRZEL_AKCESORIA="trzymaj z bloku"),IF(NOT(ISNUMBER('T1'!$G15)),'T1'!$G15,MROUND('T1'!$G15*$AC15/(MAX('T1'!$AC15,0.0001)),MAX($P15,0.5))),IF(OR($R15="",$R15=0),"— brak 1RM",MROUND($R15*$S15/100*$AC15,MAX($P15,0.5)))),IF(OR($AA15="",$AA15=0),"— ustaw ręcznie",MROUND($AA15*$S15/100*$AC15,MAX($P15,0.5)))))) | I15: {=IFERROR(IF(IFERROR(INDEX(BAZA_FILM,MATCH($C15,BAZA_EX,0)),"")="","",HYPERLINK(IFERROR(INDEX(BAZA_FILM,MATCH($C15,BAZA_EX,0)),""),"film")),"")} | J15: =IF('T1'!$J15="","",'T1'!$J15) | K15: D1-S09 | L15: {=IFERROR(INDEX(BAZA_ID,MATCH($C15,BAZA_EX,0)),"")} | M15: {=IFERROR(INDEX(BAZA_PART,MATCH($C15,BAZA_EX,0)),"")} | N15: {=IFERROR(INDEX(BAZA_KAT,MATCH($C15,BAZA_EX,0)),"")} | O15: {=IFERROR(INDEX(BAZA_COEFF,MATCH($C15,BAZA_EX,0)),"")} | P15: {=IFERROR(INDEX(BAZA_SKOK,MATCH($C15,BAZA_EX,0)),"")} | Q15: {=IFERROR(INDEX(BAZA_PROG,MATCH($C15,BAZA_EX,0)),"")} | R15: =IF($C15="","",IF(SUMPRODUCT((START!$B$6:$B$69=$C15)*(START!$M$6:$M$69>0))=0,"",SUMPRODUCT(MAX((START!$B$6:$B$69=$C15)*START!$M$6:$M$69)))) | S15: {=IFERROR(INDEX(TABELE!$B$4:$J$18,MATCH($E15,TABELE!$A$4:$A$18,0),MATCH($F15,TABELE!$B$3:$J$3,0)),"")} | T15: {=IFERROR(IF($C15="",0,$O15*$D15*INDEX(TABELE!$B$23:$P$33,MATCH($F15,TABELE!$A$23:$A$33,0),MATCH($E15,TABELE!$B$22:$P$22,0))),0)} -> 0 | U15: {=IFERROR(IF($C15="",0,$O15*$D15*INDEX(TABELE!$B$37:$P$47,MATCH($F15,TABELE!$A$37:$A$47,0),MATCH($E15,TABELE!$B$36:$P$36,0))),0)} -> 0 | V15: {=IFERROR(IF($C15="",0,$O15*$D15*INDEX(TABELE!$B$51:$P$61,MATCH($F15,TABELE!$A$51:$A$61,0),MATCH($E15,TABELE!$B$50:$P$50,0))),0)} -> 0 | W15: {=IFERROR(INDEX(BAZA_UWAGI,MATCH($C15,BAZA_EX,0)),"")} | X15: =IF($A15="","",$Z15) -> 5 | Y15: =IF($A15="",$Y14,LEFT($A15,1)) -> E | Z15: =IF($A15="",$Z14,IF(LEFT($A15,1)=$Y14,$Z14,$Z14+1)) -> 5 | AA15: =IF($C15="","",IF(SUMPRODUCT((START!$B$6:$B$69=$C15)*(START!$M$6:$M$69>0))=0,"",SUMPRODUCT(MAX((START!$B$6:$B$69=$C15)*START!$M$6:$M$69)))) | AB15: =IF($C15="","",IF($H15<>"",$H15,IF($H$19="✓ ukończony","OK",""))) | AC15: =MAX(0.85,MIN(1.15,1+0.05*(COUNTIF('T1'!$AB15,"za łatwe"))-0.05*(COUNTIF('T1'!$AB15,"za trudne")))) -> 1 | AD15: =IF(OR($Q15="masa ciała",$Q15="czas",$Q15="dystans",$Q15="ręczne ustawienie"),MAX(-3,MIN(3,ROUND(($AC15-1)/0.05,0))),0) -> 0
A16: =IF('T1'!$A16="","",'T1'!$A16) | C16: =IF('T1'!$C16="","",'T1'!$C16) | E16: =IF($C16="",0,MIN(15,MAX(1,IF(N($O16)>=1,6,IF(N($O16)>=0.75,IF(PRZEL_CZESC="część 1 (objętość)",8,6),IF(PRZEL_CZESC="część 1 (objętość)",10,8)))+1+$AD16))) -> 0 | G16: =IF($C16="","",IF(OR($Q16="masa ciała",$Q16="czas",$Q16="dystans",$Q16="ręczne ustawienie"),$Q16,IF($C16='T1'!$C16,IF(AND(LEFT($A16,1)<>"A",PRZEL_AKCESORIA="trzymaj z bloku"),IF(NOT(ISNUMBER('T1'!$G16)),'T1'!$G16,MROUND('T1'!$G16*$AC16/(MAX('T1'!$AC16,0.0001)),MAX($P16,0.5))),IF(OR($R16="",$R16=0),"— brak 1RM",MROUND($R16*$S16/100*$AC16,MAX($P16,0.5)))),IF(OR($AA16="",$AA16=0),"— ustaw ręcznie",MROUND($AA16*$S16/100*$AC16,MAX($P16,0.5)))))) | I16: {=IFERROR(IF(IFERROR(INDEX(BAZA_FILM,MATCH($C16,BAZA_EX,0)),"")="","",HYPERLINK(IFERROR(INDEX(BAZA_FILM,MATCH($C16,BAZA_EX,0)),""),"film")),"")} | J16: =IF('T1'!$J16="","",'T1'!$J16) | K16: D1-S10 | L16: {=IFERROR(INDEX(BAZA_ID,MATCH($C16,BAZA_EX,0)),"")} | M16: {=IFERROR(INDEX(BAZA_PART,MATCH($C16,BAZA_EX,0)),"")} | N16: {=IFERROR(INDEX(BAZA_KAT,MATCH($C16,BAZA_EX,0)),"")} | O16: {=IFERROR(INDEX(BAZA_COEFF,MATCH($C16,BAZA_EX,0)),"")} | P16: {=IFERROR(INDEX(BAZA_SKOK,MATCH($C16,BAZA_EX,0)),"")} | Q16: {=IFERROR(INDEX(BAZA_PROG,MATCH($C16,BAZA_EX,0)),"")} | R16: =IF($C16="","",IF(SUMPRODUCT((START!$B$6:$B$69=$C16)*(START!$M$6:$M$69>0))=0,"",SUMPRODUCT(MAX((START!$B$6:$B$69=$C16)*START!$M$6:$M$69)))) | S16: {=IFERROR(INDEX(TABELE!$B$4:$J$18,MATCH($E16,TABELE!$A$4:$A$18,0),MATCH($F16,TABELE!$B$3:$J$3,0)),"")} | T16: {=IFERROR(IF($C16="",0,$O16*$D16*INDEX(TABELE!$B$23:$P$33,MATCH($F16,TABELE!$A$23:$A$33,0),MATCH($E16,TABELE!$B$22:$P$22,0))),0)} -> 0 | U16: {=IFERROR(IF($C16="",0,$O16*$D16*INDEX(TABELE!$B$37:$P$47,MATCH($F16,TABELE!$A$37:$A$47,0),MATCH($E16,TABELE!$B$36:$P$36,0))),0)} -> 0 | V16: {=IFERROR(IF($C16="",0,$O16*$D16*INDEX(TABELE!$B$51:$P$61,MATCH($F16,TABELE!$A$51:$A$61,0),MATCH($E16,TABELE!$B$50:$P$50,0))),0)} -> 0 | W16: {=IFERROR(INDEX(BAZA_UWAGI,MATCH($C16,BAZA_EX,0)),"")} | X16: =IF($A16="","",$Z16) | Y16: =IF($A16="",$Y15,LEFT($A16,1)) -> E | Z16: =IF($A16="",$Z15,IF(LEFT($A16,1)=$Y15,$Z15,$Z15+1)) -> 5 | AA16: =IF($C16="","",IF(SUMPRODUCT((START!$B$6:$B$69=$C16)*(START!$M$6:$M$69>0))=0,"",SUMPRODUCT(MAX((START!$B$6:$B$69=$C16)*START!$M$6:$M$69)))) | AB16: =IF($C16="","",IF($H16<>"",$H16,IF($H$19="✓ ukończony","OK",""))) | AC16: =MAX(0.85,MIN(1.15,1+0.05*(COUNTIF('T1'!$AB16,"za łatwe"))-0.05*(COUNTIF('T1'!$AB16,"za trudne")))) -> 1 | AD16: =IF(OR($Q16="masa ciała",$Q16="czas",$Q16="dystans",$Q16="ręczne ustawienie"),MAX(-3,MIN(3,ROUND(($AC16-1)/0.05,0))),0) -> 0
A17: =IF('T1'!$A17="","",'T1'!$A17) | C17: =IF('T1'!$C17="","",'T1'!$C17) | E17: =IF($C17="",0,MIN(15,MAX(1,IF(N($O17)>=1,6,IF(N($O17)>=0.75,IF(PRZEL_CZESC="część 1 (objętość)",8,6),IF(PRZEL_CZESC="część 1 (objętość)",10,8)))+1+$AD17))) -> 0 | G17: =IF($C17="","",IF(OR($Q17="masa ciała",$Q17="czas",$Q17="dystans",$Q17="ręczne ustawienie"),$Q17,IF($C17='T1'!$C17,IF(AND(LEFT($A17,1)<>"A",PRZEL_AKCESORIA="trzymaj z bloku"),IF(NOT(ISNUMBER('T1'!$G17)),'T1'!$G17,MROUND('T1'!$G17*$AC17/(MAX('T1'!$AC17,0.0001)),MAX($P17,0.5))),IF(OR($R17="",$R17=0),"— brak 1RM",MROUND($R17*$S17/100*$AC17,MAX($P17,0.5)))),IF(OR($AA17="",$AA17=0),"— ustaw ręcznie",MROUND($AA17*$S17/100*$AC17,MAX($P17,0.5)))))) | I17: {=IFERROR(IF(IFERROR(INDEX(BAZA_FILM,MATCH($C17,BAZA_EX,0)),"")="","",HYPERLINK(IFERROR(INDEX(BAZA_FILM,MATCH($C17,BAZA_EX,0)),""),"film")),"")} | J17: =IF('T1'!$J17="","",'T1'!$J17) | K17: D1-S11 | L17: {=IFERROR(INDEX(BAZA_ID,MATCH($C17,BAZA_EX,0)),"")} | M17: {=IFERROR(INDEX(BAZA_PART,MATCH($C17,BAZA_EX,0)),"")} | N17: {=IFERROR(INDEX(BAZA_KAT,MATCH($C17,BAZA_EX,0)),"")} | O17: {=IFERROR(INDEX(BAZA_COEFF,MATCH($C17,BAZA_EX,0)),"")} | P17: {=IFERROR(INDEX(BAZA_SKOK,MATCH($C17,BAZA_EX,0)),"")} | Q17: {=IFERROR(INDEX(BAZA_PROG,MATCH($C17,BAZA_EX,0)),"")} | R17: =IF($C17="","",IF(SUMPRODUCT((START!$B$6:$B$69=$C17)*(START!$M$6:$M$69>0))=0,"",SUMPRODUCT(MAX((START!$B$6:$B$69=$C17)*START!$M$6:$M$69)))) | S17: {=IFERROR(INDEX(TABELE!$B$4:$J$18,MATCH($E17,TABELE!$A$4:$A$18,0),MATCH($F17,TABELE!$B$3:$J$3,0)),"")} | T17: {=IFERROR(IF($C17="",0,$O17*$D17*INDEX(TABELE!$B$23:$P$33,MATCH($F17,TABELE!$A$23:$A$33,0),MATCH($E17,TABELE!$B$22:$P$22,0))),0)} -> 0 | U17: {=IFERROR(IF($C17="",0,$O17*$D17*INDEX(TABELE!$B$37:$P$47,MATCH($F17,TABELE!$A$37:$A$47,0),MATCH($E17,TABELE!$B$36:$P$36,0))),0)} -> 0 | V17: {=IFERROR(IF($C17="",0,$O17*$D17*INDEX(TABELE!$B$51:$P$61,MATCH($F17,TABELE!$A$51:$A$61,0),MATCH($E17,TABELE!$B$50:$P$50,0))),0)} -> 0 | W17: {=IFERROR(INDEX(BAZA_UWAGI,MATCH($C17,BAZA_EX,0)),"")} | X17: =IF($A17="","",$Z17) | Y17: =IF($A17="",$Y16,LEFT($A17,1)) -> E | Z17: =IF($A17="",$Z16,IF(LEFT($A17,1)=$Y16,$Z16,$Z16+1)) -> 5 | AA17: =IF($C17="","",IF(SUMPRODUCT((START!$B$6:$B$69=$C17)*(START!$M$6:$M$69>0))=0,"",SUMPRODUCT(MAX((START!$B$6:$B$69=$C17)*START!$M$6:$M$69)))) | AB17: =IF($C17="","",IF($H17<>"",$H17,IF($H$19="✓ ukończony","OK",""))) | AC17: =MAX(0.85,MIN(1.15,1+0.05*(COUNTIF('T1'!$AB17,"za łatwe"))-0.05*(COUNTIF('T1'!$AB17,"za trudne")))) -> 1 | AD17: =IF(OR($Q17="masa ciała",$Q17="czas",$Q17="dystans",$Q17="ręczne ustawienie"),MAX(-3,MIN(3,ROUND(($AC17-1)/0.05,0))),0) -> 0
A18: =IF('T1'!$A18="","",'T1'!$A18) | C18: =IF('T1'!$C18="","",'T1'!$C18) | E18: =IF($C18="",0,MIN(15,MAX(1,IF(N($O18)>=1,6,IF(N($O18)>=0.75,IF(PRZEL_CZESC="część 1 (objętość)",8,6),IF(PRZEL_CZESC="część 1 (objętość)",10,8)))+1+$AD18))) -> 0 | G18: =IF($C18="","",IF(OR($Q18="masa ciała",$Q18="czas",$Q18="dystans",$Q18="ręczne ustawienie"),$Q18,IF($C18='T1'!$C18,IF(AND(LEFT($A18,1)<>"A",PRZEL_AKCESORIA="trzymaj z bloku"),IF(NOT(ISNUMBER('T1'!$G18)),'T1'!$G18,MROUND('T1'!$G18*$AC18/(MAX('T1'!$AC18,0.0001)),MAX($P18,0.5))),IF(OR($R18="",$R18=0),"— brak 1RM",MROUND($R18*$S18/100*$AC18,MAX($P18,0.5)))),IF(OR($AA18="",$AA18=0),"— ustaw ręcznie",MROUND($AA18*$S18/100*$AC18,MAX($P18,0.5)))))) | I18: {=IFERROR(IF(IFERROR(INDEX(BAZA_FILM,MATCH($C18,BAZA_EX,0)),"")="","",HYPERLINK(IFERROR(INDEX(BAZA_FILM,MATCH($C18,BAZA_EX,0)),""),"film")),"")} | J18: =IF('T1'!$J18="","",'T1'!$J18) | K18: D1-S12 | L18: {=IFERROR(INDEX(BAZA_ID,MATCH($C18,BAZA_EX,0)),"")} | M18: {=IFERROR(INDEX(BAZA_PART,MATCH($C18,BAZA_EX,0)),"")} | N18: {=IFERROR(INDEX(BAZA_KAT,MATCH($C18,BAZA_EX,0)),"")} | O18: {=IFERROR(INDEX(BAZA_COEFF,MATCH($C18,BAZA_EX,0)),"")} | P18: {=IFERROR(INDEX(BAZA_SKOK,MATCH($C18,BAZA_EX,0)),"")} | Q18: {=IFERROR(INDEX(BAZA_PROG,MATCH($C18,BAZA_EX,0)),"")} | R18: =IF($C18="","",IF(SUMPRODUCT((START!$B$6:$B$69=$C18)*(START!$M$6:$M$69>0))=0,"",SUMPRODUCT(MAX((START!$B$6:$B$69=$C18)*START!$M$6:$M$69)))) | S18: {=IFERROR(INDEX(TABELE!$B$4:$J$18,MATCH($E18,TABELE!$A$4:$A$18,0),MATCH($F18,TABELE!$B$3:$J$3,0)),"")} | T18: {=IFERROR(IF($C18="",0,$O18*$D18*INDEX(TABELE!$B$23:$P$33,MATCH($F18,TABELE!$A$23:$A$33,0),MATCH($E18,TABELE!$B$22:$P$22,0))),0)} -> 0 | U18: {=IFERROR(IF($C18="",0,$O18*$D18*INDEX(TABELE!$B$37:$P$47,MATCH($F18,TABELE!$A$37:$A$47,0),MATCH($E18,TABELE!$B$36:$P$36,0))),0)} -> 0 | V18: {=IFERROR(IF($C18="",0,$O18*$D18*INDEX(TABELE!$B$51:$P$61,MATCH($F18,TABELE!$A$51:$A$61,0),MATCH($E18,TABELE!$B$50:$P$50,0))),0)} -> 0 | W18: {=IFERROR(INDEX(BAZA_UWAGI,MATCH($C18,BAZA_EX,0)),"")} | X18: =IF($A18="","",$Z18) | Y18: =IF($A18="",$Y17,LEFT($A18,1)) -> E | Z18: =IF($A18="",$Z17,IF(LEFT($A18,1)=$Y17,$Z17,$Z17+1)) -> 5 | AA18: =IF($C18="","",IF(SUMPRODUCT((START!$B$6:$B$69=$C18)*(START!$M$6:$M$69>0))=0,"",SUMPRODUCT(MAX((START!$B$6:$B$69=$C18)*START!$M$6:$M$69)))) | AB18: =IF($C18="","",IF($H18<>"",$H18,IF($H$19="✓ ukończony","OK",""))) | AC18: =MAX(0.85,MIN(1.15,1+0.05*(COUNTIF('T1'!$AB18,"za łatwe"))-0.05*(COUNTIF('T1'!$AB18,"za trudne")))) -> 1 | AD18: =IF(OR($Q18="masa ciała",$Q18="czas",$Q18="dystans",$Q18="ręczne ustawienie"),MAX(-3,MIN(3,ROUND(($AC18-1)/0.05,0))),0) -> 0
C19: Dzień I — razem | D19: =SUMPRODUCT((C7:C18<>"")*D7:D18)+IF(AND($B$6="TOP SET",$C$6<>""),1,0) | E19: =SUMPRODUCT((C7:C18<>"")*D7:D18*E7:E18)&" powt." -> 33 powt. | G19: ="stres t "&TEXT(SUM(T7:T18),"0.0") -> stres t 1,1
A21: DZIEŃ II
A22: =IF($B22="TOP SET","▲","") -> ▲ | B22: =IF('T1'!$B22="TOP SET","TOP SET","—") -> TOP SET | C22: =IF(OR($B22<>"TOP SET",$F22=""),"",IF(N($K22)=0,"",IF(INDEX($C$23:$C$34,$K22)="","",INDEX($C$23:$C$34,$K22)))) | D22: =IF(AND($B22="TOP SET",$F22<>""),1,"") | E22: =IF(AND($B22="TOP SET",$F22<>""),"1 powtórzenie","") | F22: 6 | G22: {=IF($B22<>"TOP SET","",IF($C22="","",IF(OR($Q22="masa ciała",$Q22="czas",$Q22="dystans",$Q22="ręczne ustawienie"),"—",IF($C22='T1'!$C22,IF(OR($R22="",$R22=0),"— brak 1RM",MROUND($R22*IFERROR(INDEX(TABELE!$B$4:$J$18,MATCH(1,TABELE!$A$4:$A$18,0),MATCH($F22,TABELE!$B$3:$J$3,0)),0)/100,MAX($P22,0.5))),IF(OR($AA22="",$AA22=0),"— ustaw ręcznie",MROUND($AA22*IFERROR(INDEX(TABELE!$B$4:$J$18,MATCH(1,TABELE!$A$4:$A$18,0),MATCH($F22,TABELE!$B$3:$J$3,0)),0)/100,MAX($P22,0.5)))))))} | K22: =IFERROR(MATCH("A*",$A$23:$A$34,0),0) | P22: =IF(N($K22)=0,"",INDEX($P$23:$P$34,$K22)) | Q22: =IF(N($K22)=0,"",INDEX($Q$23:$Q$34,$K22)) | R22: =IF(N($K22)=0,"",INDEX($R$23:$R$34,$K22)) | AA22: =IF(N($K22)=0,"",INDEX($AA$23:$AA$34,$K22))
A23: =IF('T1'!$A23="","",'T1'!$A23) -> A1. | C23: =IF('T1'!$C23="","",'T1'!$C23) | D23: 5 | E23: 6 | F23: 7 | G23: =IF($C23="","",IF(OR($Q23="masa ciała",$Q23="czas",$Q23="dystans",$Q23="ręczne ustawienie"),$Q23,IF($C23='T1'!$C23,IF(AND(LEFT($A23,1)<>"A",PRZEL_AKCESORIA="trzymaj z bloku"),IF(NOT(ISNUMBER('T1'!$G23)),'T1'!$G23,MROUND('T1'!$G23*$AC23/(MAX('T1'!$AC23,0.0001)),MAX($P23,0.5))),IF(OR($R23="",$R23=0),"— brak 1RM",MROUND($R23*$S23/100*$AC23,MAX($P23,0.5)))),IF(OR($AA23="",$AA23=0),"— ustaw ręcznie",MROUND($AA23*$S23/100*$AC23,MAX($P23,0.5)))))) | I23: {=IFERROR(IF(IFERROR(INDEX(BAZA_FILM,MATCH($C23,BAZA_EX,0)),"")="","",HYPERLINK(IFERROR(INDEX(BAZA_FILM,MATCH($C23,BAZA_EX,0)),""),"film")),"")} | J23: =IF('T1'!$J23="","",'T1'!$J23) | K23: D2-S01 | L23: {=IFERROR(INDEX(BAZA_ID,MATCH($C23,BAZA_EX,0)),"")} | M23: {=IFERROR(INDEX(BAZA_PART,MATCH($C23,BAZA_EX,0)),"")} | N23: {=IFERROR(INDEX(BAZA_KAT,MATCH($C23,BAZA_EX,0)),"")} | O23: {=IFERROR(INDEX(BAZA_COEFF,MATCH($C23,BAZA_EX,0)),"")} | P23: {=IFERROR(INDEX(BAZA_SKOK,MATCH($C23,BAZA_EX,0)),"")} | Q23: {=IFERROR(INDEX(BAZA_PROG,MATCH($C23,BAZA_EX,0)),"")} | R23: =IF($C23="","",IF(SUMPRODUCT((START!$B$6:$B$69=$C23)*(START!$M$6:$M$69>0))=0,"",SUMPRODUCT(MAX((START!$B$6:$B$69=$C23)*START!$M$6:$M$69)))) | S23: {=IFERROR(INDEX(TABELE!$B$4:$J$18,MATCH($E23,TABELE!$A$4:$A$18,0),MATCH($F23,TABELE!$B$3:$J$3,0)),"")} -> 71.5 | T23: {=IFERROR(IF($C23="",0,$O23*$D23*INDEX(TABELE!$B$23:$P$33,MATCH($F23,TABELE!$A$23:$A$33,0),MATCH($E23,TABELE!$B$22:$P$22,0))),0)} -> 0 | U23: {=IFERROR(IF($C23="",0,$O23*$D23*INDEX(TABELE!$B$37:$P$47,MATCH($F23,TABELE!$A$37:$A$47,0),MATCH($E23,TABELE!$B$36:$P$36,0))),0)} -> 0 | V23: {=IFERROR(IF($C23="",0,$O23*$D23*INDEX(TABELE!$B$51:$P$61,MATCH($F23,TABELE!$A$51:$A$61,0),MATCH($E23,TABELE!$B$50:$P$50,0))),0)} -> 0 | W23: {=IFERROR(INDEX(BAZA_UWAGI,MATCH($C23,BAZA_EX,0)),"")} | X23: =IF($A23="","",$Z23) -> 1 | Y23: =IF($A23="","",LEFT($A23,1)) -> A | Z23: =IF($A23="",0,1) -> 1 | AA23: =IF($C23="","",IF(SUMPRODUCT((START!$B$6:$B$69=$C23)*(START!$M$6:$M$69>0))=0,"",SUMPRODUCT(MAX((START!$B$6:$B$69=$C23)*START!$M$6:$M$69)))) | AB23: =IF($C23="","",IF($H23<>"",$H23,IF($H$35="✓ ukończony","OK",""))) | AC23: =MAX(0.85,MIN(1.15,1+0.05*(COUNTIF('T1'!$AB23,"za łatwe"))-0.05*(COUNTIF('T1'!$AB23,"za trudne")))) -> 1 | AD23: =IF(OR($Q23="masa ciała",$Q23="czas",$Q23="dystans",$Q23="ręczne ustawienie"),MAX(-3,MIN(3,ROUND(($AC23-1)/0.05,0))),0) -> 0
A24: =IF('T1'!$A24="","",'T1'!$A24) -> B1. | C24: =IF('T1'!$C24="","",'T1'!$C24) | D24: 3 | E24: =IF($C24="",0,MIN(15,MAX(1,IF(N($O24)>=1,6,IF(N($O24)>=0.75,IF(PRZEL_CZESC="część 1 (objętość)",8,6),IF(PRZEL_CZESC="część 1 (objętość)",10,8)))+1+$AD24))) -> 0 | F24: 8 | G24: =IF($C24="","",IF(OR($Q24="masa ciała",$Q24="czas",$Q24="dystans",$Q24="ręczne ustawienie"),$Q24,IF($C24='T1'!$C24,IF(AND(LEFT($A24,1)<>"A",PRZEL_AKCESORIA="trzymaj z bloku"),IF(NOT(ISNUMBER('T1'!$G24)),'T1'!$G24,MROUND('T1'!$G24*$AC24/(MAX('T1'!$AC24,0.0001)),MAX($P24,0.5))),IF(OR($R24="",$R24=0),"— brak 1RM",MROUND($R24*$S24/100*$AC24,MAX($P24,0.5)))),IF(OR($AA24="",$AA24=0),"— ustaw ręcznie",MROUND($AA24*$S24/100*$AC24,MAX($P24,0.5)))))) | I24: {=IFERROR(IF(IFERROR(INDEX(BAZA_FILM,MATCH($C24,BAZA_EX,0)),"")="","",HYPERLINK(IFERROR(INDEX(BAZA_FILM,MATCH($C24,BAZA_EX,0)),""),"film")),"")} | J24: =IF('T1'!$J24="","",'T1'!$J24) | K24: D2-S02 | L24: {=IFERROR(INDEX(BAZA_ID,MATCH($C24,BAZA_EX,0)),"")} | M24: {=IFERROR(INDEX(BAZA_PART,MATCH($C24,BAZA_EX,0)),"")} | N24: {=IFERROR(INDEX(BAZA_KAT,MATCH($C24,BAZA_EX,0)),"")} | O24: {=IFERROR(INDEX(BAZA_COEFF,MATCH($C24,BAZA_EX,0)),"")} | P24: {=IFERROR(INDEX(BAZA_SKOK,MATCH($C24,BAZA_EX,0)),"")} | Q24: {=IFERROR(INDEX(BAZA_PROG,MATCH($C24,BAZA_EX,0)),"")} | R24: =IF($C24="","",IF(SUMPRODUCT((START!$B$6:$B$69=$C24)*(START!$M$6:$M$69>0))=0,"",SUMPRODUCT(MAX((START!$B$6:$B$69=$C24)*START!$M$6:$M$69)))) | S24: {=IFERROR(INDEX(TABELE!$B$4:$J$18,MATCH($E24,TABELE!$A$4:$A$18,0),MATCH($F24,TABELE!$B$3:$J$3,0)),"")} | T24: {=IFERROR(IF($C24="",0,$O24*$D24*INDEX(TABELE!$B$23:$P$33,MATCH($F24,TABELE!$A$23:$A$33,0),MATCH($E24,TABELE!$B$22:$P$22,0))),0)} -> 0 | U24: {=IFERROR(IF($C24="",0,$O24*$D24*INDEX(TABELE!$B$37:$P$47,MATCH($F24,TABELE!$A$37:$A$47,0),MATCH($E24,TABELE!$B$36:$P$36,0))),0)} -> 0 | V24: {=IFERROR(IF($C24="",0,$O24*$D24*INDEX(TABELE!$B$51:$P$61,MATCH($F24,TABELE!$A$51:$A$61,0),MATCH($E24,TABELE!$B$50:$P$50,0))),0)} -> 0 | W24: {=IFERROR(INDEX(BAZA_UWAGI,MATCH($C24,BAZA_EX,0)),"")} | X24: =IF($A24="","",$Z24) -> 2 | Y24: =IF($A24="",$Y23,LEFT($A24,1)) -> B | Z24: =IF($A24="",$Z23,IF(LEFT($A24,1)=$Y23,$Z23,$Z23+1)) -> 2 | AA24: =IF($C24="","",IF(SUMPRODUCT((START!$B$6:$B$69=$C24)*(START!$M$6:$M$69>0))=0,"",SUMPRODUCT(MAX((START!$B$6:$B$69=$C24)*START!$M$6:$M$69)))) | AB24: =IF($C24="","",IF($H24<>"",$H24,IF($H$35="✓ ukończony","OK",""))) | AC24: =MAX(0.85,MIN(1.15,1+0.05*(COUNTIF('T1'!$AB24,"za łatwe"))-0.05*(COUNTIF('T1'!$AB24,"za trudne")))) -> 1 | AD24: =IF(OR($Q24="masa ciała",$Q24="czas",$Q24="dystans",$Q24="ręczne ustawienie"),MAX(-3,MIN(3,ROUND(($AC24-1)/0.05,0))),0) -> 0
